,,1,2,3,4,5,6,7,8,9,10,11,12,13,14,15,16,17,18,19,20,21,22,23,24,25,26,27,28,29,30,31,32,33,34,35,36,37,38,39,40,41,42,43,44,45,46,47,48,49,50,51,52,53,54,55,56,57,58,59,60,61,62,63,64,65,66,67,68,69,70,71,72,73,74,75,76,77,78,79,80,81,82,83,84,85,86,87,88,89,90,91,92,93,94
28688,f,0x13,0x94,0x04,0x2c,0x07,0xdf,0x0b,0x0b,0x13,0x0e,0x0a,0x07,0x00,0x00,0x00,0x0d,0x1d,0xc6,0x95,0x25,0x03,0x01,0x06,0x00,0xd3,0xe8,0xbb,0xec,0x18,0xaa,0x21,0x3f,0x00,0x02,0xdf,0x19,0x00,0x03,0x64,0xa0,0x00,0x00,0x18,0x8b,0x00,0x00,0x18,0xf4,0xff,0xff,0xff,0xd8,0x00,0x00,0x00,0xd2,0x00,0x00,0x00,0x64,0x00,0x00,0x00,0xdc,0x01,0xc1,0x48,0xba,0x00,0x00,0x02,0xd0,0x00,0x44,0xce,0x3f,0x00,0x00,0x00,0x00,0x01,0x20,0x00,0xf7,0x00,0x94,0x00,0xba,0x00,0xa3,0x00,0x6e,0x00,0x78
28688,f,0x13,0x94,0x05,0x26,0x07,0xdf,0x0b,0x0b,0x13,0x0e,0x0a,0x07,0x00,0x00,0x00,0x0d,0x2c,0xad,0x47,0x49,0x03,0x01,0x06,0x00,0xd3,0xe8,0xbb,0xf8,0x18,0xaa,0x21,0x3d,0x00,0x02,0xdf,0x33,0x00,0x03,0x64,0xba,0x00,0x00,0x18,0x92,0x00,0x00,0x18,0xf2,0xff,0xff,0xff,0xc4,0x00,0x00,0x00,0xdc,0x00,0x00,0x00,0x5a,0x00,0x00,0x00,0xe6,0x01,0xc1,0x48,0xba,0x00,0x00,0x02,0xf8,0x00,0x44,0xd5,0xad,0x00,0x00,0x00,0x00,0x01,0x20,0x00,0xf7,0x00,0x94,0x00,0xba,0x00,0xa3,0x00,0x6e,0x00,0x78
28688,f,0x13,0x94,0x06,0x20,0x07,0xdf,0x0b,0x0b,0x13,0x0e,0x0b,0x07,0x00,0x00,0x00,0x0d,0xff,0xf9,0x2f,0x6e,0x03,0x01,0x06,0x00,0xd3,0xe8,0xbb,0xfe,0x18,0xaa,0x21,0x3b,0x00,0x02,0xdf,0x5a,0x00,0x03,0x64,0xe1,0x00,0x00,0x18,0x98,0x00,0x00,0x18,0xf1,0xff,0xff,0xff,0x92,0x00,0x00,0x00,0x78,0x00,0x00,0x00,0x50,0x00,0x00,0x00,0xaa,0x01,0xc1,0x48,0xba,0x00,0x00,0x03,0x52,0x00,0x44,0xdd,0xf4,0x00,0x00,0x00,0x00,0x01,0x20,0x00,0xf7,0x00,0x94,0x00,0xba,0x00,0xa3,0x00,0x6e,0x00,0x78
28688,f,0x13,0x94,0x07,0x1a,0x07,0xdf,0x0b,0x0b,0x13,0x0e,0x0b,0x07,0x00,0x00,0x00,0x0d,0x0e,0xdf,0xe1,0x91,0x03,0x01,0x06,0x00,0xd3,0xe8,0xbb,0xfc,0x18,0xaa,0x21,0x3a,0x00,0x02,0xdf,0x35,0x00,0x03,0x64,0xbc,0x00,0x00,0x18,0x9f,0x00,0x00,0x18,0xf1,0xff,0xff,0xff,0x9c,0x00,0x00,0x00,0x0a,0x00,0x00,0x00,0x5a,0x00,0x00,0x00,0x64,0x01,0xc1,0x48,0xba,0x00,0x00,0x02,0xbc,0x00,0x44,0xe4,0xbc,0x00,0x00,0x00,0x00,0x01,0x20,0x00,0xf7,0x00,0x94,0x00,0xba,0x00,0xa3,0x00,0x6e,0x00,0x78
28688,f,0x13,0x94,0x08,0x14,0x07,0xdf,0x0b,0x0b,0x13,0x0e,0x0b,0x07,0x00,0x00,0x00,0x0d,0x1d,0xc6,0x93,0xb5,0x03,0x01,0x06,0x00,0xd3,0xe8,0xbc,0x0c,0x18,0xaa,0x21,0x37,0x00,0x02,0xdf,0x6d,0x00,0x03,0x64,0xf4,0x00,0x00,0x18,0xa6,0x00,0x00,0x18,0xef,0xff,0xff,0xff,0x88,0xff,0xff,0xff,0xd8,0x00,0x00,0x00,0x64,0x00,0x00,0x00,0x82,0x01,0xc1,0x48,0xba,0x00,0x00,0x02,0x4e,0x00,0x44,0xea,0x7c,0x00,0x00,0x00,0x00,0x01,0x20,0x00,0xf7,0x00,0x94,0x00,0xba,0x00,0xa3,0x00,0x6e,0x00,0x78
28688,f,0x13,0x94,0x09,0x0e,0x07,0xdf,0x0b,0x0b,0x13,0x0e,0x0b,0x07,0x00,0x00,0x00,0x0d,0x2c,0xad,0x45,0xd9,0x03,0x01,0x06,0x00,0xd3,0xe8,0xbc,0x0e,0x18,0xaa,0x21,0x38,0x00,0x02,0xdf,0x67,0x00,0x03,0x64,0xee,0x00,0x00,0x18,0xae,0x00,0x00,0x18,0xee,0xff,0xff,0xff,0xb0,0xff,0xff,0xff,0x4c,0x00,0x00,0x00,0x6e,0x00,0x00,0x00,0xc8,0x01,0xc1,0x48,0xba,0x00,0x00,0x01,0xe0,0x00,0x44,0xef,0x2c,0x00,0x00,0x00,0x00,0x01,0x20,0x00,0xf7,0x00,0x94,0x00,0xba,0x00,0xa3,0x00,0x6e,0x00,0x78
28688,f,0x13,0x94,0x0a,0x08,0x07,0xdf,0x0b,0x0b,0x13,0x0e,0x0c,0x07,0x00,0x00,0x00,0x0d,0xff,0xf9,0x2d,0xfe,0x03,0x01,0x06,0x00,0xd3,0xe8,0xbc,0x17,0x18,0xaa,0x21,0x37,0x00,0x02,0xdf,0x91,0x00,0x03,0x65,0x18,0x00,0x00,0x18,0xb6,0x00,0x00,0x18,0xed,0xff,0xff,0xff,0xc4,0xff,0xff,0xff,0x38,0x00,0x00,0x00,0x78,0x00,0x00,0x00,0xd2,0x01,0xc1,0x48,0xba,0x00,0x00,0x02,0x08,0x00,0x44,0xf4,0x3f,0x00,0x00,0x00,0x00,0x01,0x20,0x00,0xf7,0x00,0x94,0x00,0xba,0x00,0xa3,0x00,0x6e,0x00,0x78
28688,f,0x13,0x94,0x0b,0x02,0x07,0xdf,0x0b,0x0b,0x13,0x0e,0x0c,0x07,0x00,0x00,0x00,0x0d,0x0e,0xdf,0xe0,0x21,0x03,0x01,0x06,0x00,0xd3,0xe8,0xbc,0x20,0x18,0xaa,0x21,0x38,0x00,0x02,0xdf,0xc7,0x00,0x03,0x65,0x4d,0x00,0x00,0x18,0xbd,0x00,0x00,0x18,0xec,0xff,0xff,0xff,0xe2,0xff,0xff,0xff,0x6a,0x00,0x00,0x00,0x78,0x00,0x00,0x00,0x96,0x01,0xc1,0x48,0xba,0x00,0x00,0x02,0x08,0x00,0x44,0xf9,0x52,0x00,0x00,0x00,0x00,0x01,0x20,0x00,0xf7,0x00,0x94,0x00,0xba,0x00,0xa3,0x00,0x6e,0x00,0x78
28688,f,0x13,0x94,0x0b,0xfc,0x07,0xdf,0x0b,0x0b,0x13,0x0e,0x0c,0x07,0x00,0x00,0x00,0x0d,0x1d,0xc6,0x92,0x44,0x03,0x01,0x06,0x00,0xd3,0xe8,0xbc,0x2c,0x18,0xaa,0x21,0x37,0x00,0x02,0xe0,0x14,0x00,0x03,0x65,0x9b,0x00,0x00,0x18,0xc4,0x00,0x00,0x18,0xea,0xff,0xff,0xff,0xe2,0xff,0xff,0xff,0xce,0x00,0x00,0x00,0x6e,0x00,0x00,0x00,0x3c,0x01,0xc1,0x48,0xba,0x00,0x00,0x01,0xb8,0x00,0x44,0xfd,0x98,0x00,0x00,0x00,0x00,0x01,0x20,0x00,0xf7,0x00,0x94,0x00,0xba,0x00,0xa3,0x00,0x6e,0x00,0x78
28688,f,0x13,0x94,0x0c,0xf6,0x07,0xdf,0x0b,0x0b,0x13,0x0e,0x0c,0x07,0x00,0x00,0x00,0x0d,0x2c,0xad,0x44,0x68,0x03,0x01,0x06,0x00,0xd3,0xe8,0xbc,0x3b,0x18,0xaa,0x21,0x36,0x00,0x02,0xe0,0x63,0x00,0x03,0x65,0xea,0x00,0x00,0x18,0xd0,0x00,0x00,0x18,0xec,0xff,0xff,0xff,0xd8,0xff,0xff,0xff,0xc4,0x00,0x00,0x00,0x6e,0x00,0x00,0x00,0x46,0x01,0xc1,0x48,0xba,0x00,0x00,0x01,0xc2,0x00,0x45,0x01,0xf1,0x00,0x00,0x00,0x00,0x01,0x20,0x00,0xf7,0x00,0x94,0x00,0xba,0x00,0xa3,0x00,0x6e,0x00,0x78
28688,f,0x13,0x94,0x0d,0xf0,0x07,0xdf,0x0b,0x0b,0x13,0x0e,0x0d,0x07,0x00,0x00,0x00,0x0d,0xff,0xf9,0x2c,0x8d,0x03,0x01,0x06,0x00,0xd3,0xe8,0xbc,0x4e,0x18,0xaa,0x21,0x34,0x00,0x02,0xe0,0xaa,0x00,0x03,0x66,0x31,0x00,0x00,0x18,0xd6,0x00,0x00,0x18,0xeb,0xff,0xff,0xff,0xd8,0xff,0xff,0xff,0xe2,0x00,0x00,0x00,0x6e,0x00,0x00,0x00,0x32,0x01,0xc1,0x48,0xba,0x00,0x00,0x01,0xcc,0x00,0x45,0x06,0x61,0x00,0x00,0x00,0x00,0x01,0x20,0x00,0xf7,0x00,0x94,0x00,0xba,0x00,0xa3,0x00,0x6e,0x00,0x78
28688,f,0x13,0x94,0x0e,0xea,0x07,0xdf,0x0b,0x0b,0x13,0x0e,0x0d,0x07,0x00,0x00,0x00,0x0d,0x0e,0xdf,0xde,0xb0,0x03,0x01,0x06,0x00,0xd3,0xe8,0xbc,0x55,0x18,0xaa,0x21,0x34,0x00,0x02,0xe0,0xcd,0x00,0x03,0x66,0x54,0x00,0x00,0x18,0xdc,0x00,0x00,0x18,0xe9,0xff,0xff,0xff,0xf6,0x00,0x00,0x00,0x0a,0x00,0x00,0x00,0x64,0x00,0x00,0x00,0x14,0x01,0xc1,0x48,0xba,0x00,0x00,0x01,0xc2,0x00,0x45,0x0a,0xbb,0x00,0x00,0x00,0x00,0x01,0x20,0x00,0xf7,0x00,0x94,0x00,0xba,0x00,0xa3,0x00,0x6e,0x00,0x78
28688,f,0x13,0x94,0x0f,0xe4,0x07,0xdf,0x0b,0x0b,0x13,0x0e,0x0d,0x07,0x00,0x00,0x00,0x0d,0x1d,0xc6,0x90,0xd3,0x03,0x01,0x06,0x00,0xd3,0xe8,0xbc,0x60,0x18,0xaa,0x21,0x34,0x00,0x02,0xe1,0x14,0x00,0x03,0x66,0x9b,0x00,0x00,0x18,0xe3,0x00,0x00,0x18,0xe8,0x00,0x00,0x00,0x0a,0x00,0x00,0x00,0xa0,0x00,0x00,0x00,0x50,0x00,0x00,0x00,0xa0,0x01,0xc1,0x48,0xba,0x00,0x00,0x02,0x62,0x00,0x45,0x10,0x9e,0x00,0x00,0x00,0x00,0x01,0x20,0x00,0xf7,0x00,0x94,0x00,0xba,0x00,0xa3,0x00,0x6e,0x00,0x78
28688,f,0x13,0x94,0x10,0xde,0x07,0xdf,0x0b,0x0b,0x13,0x0e,0x0d,0x07,0x00,0x00,0x00,0x0d,0x2c,0xad,0x42,0xf8,0x03,0x01,0x06,0x00,0xd3,0xe8,0xbc,0x6b,0x18,0xaa,0x21,0x32,0x00,0x02,0xe1,0x16,0x00,0x03,0x66,0x9d,0x00,0x00,0x18,0xe9,0x00,0x00,0x18,0xe6,0x00,0x00,0x00,0x14,0x00,0x00,0x01,0x36,0x00,0x00,0x00,0x46,0x00,0x00,0x01,0x36,0x01,0xc1,0x48,0xba,0x00,0x00,0x02,0x80,0x00,0x45,0x16,0xcd,0x00,0x00,0x00,0x00,0x01,0x20,0x00,0xf7,0x00,0x94,0x00,0xba,0x00,0xa3,0x00,0x6e,0x00,0x78
28688,f,0x13,0x94,0x11,0xd8,0x07,0xdf,0x0b,0x0b,0x13,0x0e,0x0e,0x07,0x00,0x00,0x00,0x0d,0xff,0xf9,0x2b,0x1d,0x03,0x01,0x06,0x00,0xd3,0xe8,0xbc,0x77,0x18,0xaa,0x21,0x32,0x00,0x02,0xe1,0x5b,0x00,0x03,0x66,0xe2,0x00,0x00,0x18,0xee,0x00,0x00,0x18,0xe4,0x00,0x00,0x00,0x00,0x00,0x00,0x01,0x7c,0x00,0x00,0x00,0x32,0x00,0x00,0x01,0x7c,0x01,0xc1,0x48,0xba,0x00,0x00,0x02,0x9e,0x00,0x45,0x1d,0x4b,0x00,0x00,0x00,0x00,0x01,0x20,0x00,0xf7,0x00,0x94,0x00,0xba,0x00,0xa3,0x00,0x6d,0x00,0x78
28688,f,0x13,0x94,0x12,0xd2,0x07,0xdf,0x0b,0x0b,0x13,0x0e,0x0e,0x07,0x00,0x00,0x00,0x0d,0x0e,0xdf,0xdd,0x40,0x03,0x01,0x06,0x00,0xd3,0xe8,0xbc,0x83,0x18,0xaa,0x21,0x31,0x00,0x02,0xe1,0xbc,0x00,0x03,0x67,0x43,0x00,0x00,0x18,0xf4,0x00,0x00,0x18,0xe4,0xff,0xff,0xff,0xc4,0x00,0x00,0x01,0x4a,0x00,0x00,0x00,0x1e,0x00,0x00,0x01,0x54,0x01,0xc1,0x48,0xba,0x00,0x00,0x02,0xee,0x00,0x45,0x24,0x93,0x00,0x00,0x00,0x00,0x01,0x20,0x00,0xf7,0x00,0x94,0x00,0xba,0x00,0xa3,0x00,0x6d,0x00,0x78
28688,f,0x13,0x94,0x13,0xcc,0x07,0xdf,0x0b,0x0b,0x13,0x0e,0x0e,0x07,0x00,0x00,0x00,0x0d,0x1d,0xc6,0x8f,0x64,0x03,0x01,0x07,0x00,0xd3,0xe8,0xbc,0x85,0x18,0xaa,0x21,0x30,0x00,0x02,0xe1,0xc1,0x00,0x03,0x67,0x48,0x00,0x00,0x18,0xe3,0x00,0x00,0x18,0xdb,0xff,0xff,0xff,0x9c,0x00,0x00,0x01,0x0e,0x00,0x00,0x00,0x1e,0x00,0x00,0x01,0x22,0x01,0xc1,0x48,0xba,0x00,0x00,0x03,0x16,0x00,0x45,0x2c,0x43,0x00,0x00,0x00,0x00,0x00,0xcc,0x00,0xb7,0x00,0x5a,0x00,0x8e,0x00,0x73,0x00,0x60,0x00,0x3e
28688,f,0x13,0x94,0x14,0xc6,0x07,0xdf,0x0b,0x0b,0x13,0x0e,0x0e,0x07,0x00,0x00,0x00,0x0d,0x2c,0xad,0x41,0x88,0x03,0x01,0x07,0x00,0xd3,0xe8,0xbc,0x91,0x18,0xaa,0x21,0x2e,0x00,0x02,0xe1,0xdb,0x00,0x03,0x67,0x62,0x00,0x00,0x18,0xd5,0x00,0x00,0x18,0xd3,0xff,0xff,0xff,0xb0,0x00,0x00,0x01,0x7c,0x00,0x00,0x00,0x14,0x00,0x00,0x01,0x7c,0x01,0xc1,0x48,0xba,0x00,0x00,0x02,0xda,0x00,0x45,0x33,0x53,0x00,0x00,0x00,0x00,0x00,0xcc,0x00,0xb7,0x00,0x5a,0x00,0x8e,0x00,0x73,0x00,0x60,0x00,0x3e
28688,f,0x13,0x94,0x15,0xc0,0x07,0xdf,0x0b,0x0b,0x13,0x0e,0x0f,0x07,0x00,0x00,0x00,0x0d,0xff,0xf9,0x29,0xad,0x03,0x01,0x07,0x00,0xd3,0xe8,0xbc,0x9b,0x18,0xaa,0x21,0x2d,0x00,0x02,0xe2,0x34,0x00,0x03,0x67,0xbb,0x00,0x00,0x18,0xc7,0x00,0x00,0x18,0xca,0xff,0xff,0xff,0x92,0x00,0x00,0x01,0x7c,0x00,0x00,0x00,0x00,0x00,0x00,0x01,0x90,0x01,0xc1,0x48,0xba,0x00,0x00,0x02,0xe4,0x00,0x45,0x3a,0x86,0x00,0x00,0x00,0x00,0x00,0xcc,0x00,0xb7,0x00,0x5a,0x00,0x8e,0x00,0x73,0x00,0x60,0x00,0x3e
28688,f,0x13,0x94,0x16,0xba,0x07,0xdf,0x0b,0x0b,0x13,0x0e,0x0f,0x07,0x00,0x00,0x00,0x0d,0x0e,0xdf,0xdb,0xd0,0x03,0x01,0x07,0x00,0xd3,0xe8,0xbc,0xa7,0x18,0xaa,0x21,0x2a,0x00,0x02,0xe2,0x42,0x00,0x03,0x67,0xc9,0x00,0x00,0x18,0xba,0x00,0x00,0x18,0xc1,0xff,0xff,0xff,0x88,0x00,0x00,0x01,0x54,0x00,0x00,0x00,0x00,0x00,0x00,0x01,0x68,0x01,0xc1,0x48,0xba,0x00,0x00,0x02,0xf8,0x00,0x45,0x41,0xe3,0x00,0x00,0x00,0x00,0x00,0xcc,0x00,0xb7,0x00,0x5a,0x00,0x8e,0x00,0x73,0x00,0x60,0x00,0x3e
28688,f,0x13,0x94,0x17,0xb4,0x07,0xdf,0x0b,0x0b,0x13,0x0e,0x0f,0x07,0x00,0x00,0x00,0x0d,0x1d,0xc6,0x8d,0xf4,0x03,0x01,0x07,0x00,0xd3,0xe8,0xbc,0xbb,0x18,0xaa,0x21,0x26,0x00,0x02,0xe2,0x77,0x00,0x03,0x67,0xfe,0x00,0x00,0x18,0xad,0x00,0x00,0x18,0xb7,0xff,0xff,0xff,0x7e,0x00,0x00,0x01,0x40,0xff,0xff,0xff,0xf6,0x00,0x00,0x01,0x5e,0x01,0xc1,0x48,0xba,0x00,0x00,0x03,0x02,0x00,0x45,0x49,0x5d,0x00,0x00,0x00,0x00,0x00,0xcc,0x00,0xb7,0x00,0x5a,0x00,0x8e,0x00,0x73,0x00,0x60,0x00,0x3e
28688,f,0x13,0x94,0x18,0xae,0x07,0xdf,0x0b,0x0b,0x13,0x0e,0x0f,0x07,0x00,0x00,0x00,0x0d,0x2c,0xad,0x40,0x18,0x03,0x01,0x07,0x00,0xd3,0xe8,0xbc,0xc4,0x18,0xaa,0x21,0x24,0x00,0x02,0xe2,0xb7,0x00,0x03,0x68,0x3e,0x00,0x00,0x18,0xa1,0x00,0x00,0x18,0xaf,0xff,0xff,0xff,0x74,0x00,0x00,0x01,0x04,0xff,0xff,0xff,0xec,0x00,0x00,0x01,0x2c,0x01,0xc1,0x48,0xba,0x00,0x00,0x03,0x16,0x00,0x45,0x51,0x09,0x00,0x00,0x00,0x00,0x00,0xcc,0x00,0xb7,0x00,0x5a,0x00,0x8e,0x00,0x73,0x00,0x60,0x00,0x3e
28688,f,0x13,0x94,0x19,0xa8,0x07,0xdf,0x0b,0x0b,0x13,0x0e,0x10,0x07,0x00,0x00,0x00,0x0d,0xff,0xf9,0x28,0x3d,0x03,0x01,0x07,0x00,0xd3,0xe8,0xbc,0xdb,0x18,0xaa,0x21,0x20,0x00,0x02,0xe2,0xd4,0x00,0x03,0x68,0x5b,0x00,0x00,0x18,0x94,0x00,0x00,0x18,0xa6,0xff,0xff,0xff,0x92,0x00,0x00,0x01,0x18,0x00,0x00,0x00,0x00,0x00,0x00,0x01,0x2c,0x01,0xc1,0x48,0xba,0x00,0x00,0x02,0xf8,0x00,0x45,0x58,0x6b,0x00,0x00,0x00,0x00,0x00,0xcc,0x00,0xb7,0x00,0x5a,0x00,0x8e,0x00,0x73,0x00,0x60,0x00,0x3e
28688,f,0x13,0x94,0x1a,0xa2,0x07,0xdf,0x0b,0x0b,0x13,0x0e,0x10,0x07,0x00,0x00,0x00,0x0d,0x0e,0xdf,0xda,0x61,0x03,0x01,0x07,0x00,0xd3,0xe8,0xbc,0xdc,0x18,0xaa,0x21,0x1d,0x00,0x02,0xe2,0xca,0x00,0x03,0x68,0x51,0x00,0x00,0x18,0x8a,0x00,0x00,0x18,0xa2,0xff,0xff,0xff,0x74,0x00,0x00,0x00,0x32,0x00,0x00,0x00,0x00,0x00,0x00,0x00,0x96,0x01,0xc1,0x48,0xba,0x00,0x00,0x03,0x48,0x00,0x45,0x60,0x90,0x00,0x00,0x00,0x00,0x00,0xcc,0x00,0xb7,0x00,0x5a,0x00,0x8e,0x00,0x73,0x00,0x60,0x00,0x3e
28688,f,0x13,0x94,0x1b,0x9c,0x07,0xdf,0x0b,0x0b,0x13,0x0e,0x10,0x07,0x00,0x00,0x00,0x0d,0x1d,0xc6,0x8c,0x84,0x03,0x01,0x07,0x00,0xd3,0xe8,0xbc,0xe9,0x18,0xaa,0x21,0x1d,0x00,0x02,0xe2,0xfb,0x00,0x03,0x68,0x82,0x00,0x00,0x18,0x7b,0x00,0x00,0x18,0x9c,0xff,0xff,0xff,0xba,0x00,0x00,0x00,0x28,0x00,0x00,0x00,0x0a,0x00,0x00,0x00,0x50,0x01,0xc1,0x48,0xba,0x00,0x00,0x03,0x52,0x00,0x45,0x68,0xcf,0x00,0x00,0x00,0x00,0x00,0xcc,0x00,0xb7,0x00,0x5a,0x00,0x8e,0x00,0x73,0x00,0x60,0x00,0x3e
28688,f,0x13,0x94,0x1c,0x96,0x07,0xdf,0x0b,0x0b,0x13,0x0e,0x10,0x07,0x00,0x00,0x00,0x0d,0x2c,0xad,0x3e,0xa8,0x03,0x01,0x07,0x00,0xd3,0xe8,0xbc,0xf1,0x18,0xaa,0x21,0x1e,0x00,0x02,0xe3,0x32,0x00,0x03,0x68,0xb9,0x00,0x00,0x18,0x69,0x00,0x00,0x18,0x90,0xff,0xff,0xff,0xce,0x00,0x00,0x00,0x14,0x00,0x00,0x00,0x00,0x00,0x00,0x00,0x32,0x01,0xc1,0x48,0xba,0x00,0x00,0x03,0x16,0x00,0x45,0x70,0x75,0x00,0x00,0x00,0x00,0x00,0xcc,0x00,0xb7,0x00,0x5a,0x00,0x8e,0x00,0x73,0x00,0x60,0x00,0x3e
28688,f,0x13,0x94,0x1d,0x90,0x07,0xdf,0x0b,0x0b,0x13,0x0e,0x11,0x07,0x00,0x00,0x00,0x0d,0xff,0xf9,0x26,0xcd,0x03,0x01,0x07,0x00,0xd3,0xe8,0xbc,0xff,0x18,0xaa,0x21,0x1f,0x00,0x02,0xe3,0x97,0x00,0x03,0x69,0x1e,0x00,0x00,0x18,0x5e,0x00,0x00,0x18,0x87,0xff,0xff,0xff,0xec,0x00,0x00,0x00,0x64,0xff,0xff,0xff,0xf6,0x00,0x00,0x00,0x64,0x01,0xc1,0x48,0xba,0x00,0x00,0x02,0xa8,0x00,0x45,0x77,0x06,0x00,0x00,0x00,0x00,0x00,0xcc,0x00,0xb7,0x00,0x5a,0x00,0x8e,0x00,0x73,0x00,0x60,0x00,0x3e
28688,f,0x13,0x94,0x1e,0x8a,0x07,0xdf,0x0b,0x0b,0x13,0x0e,0x11,0x07,0x00,0x00,0x00,0x0d,0x0e,0xdf,0xd8,0xf0,0x03,0x01,0x07,0x00,0xd3,0xe8,0xbd,0x00,0x18,0xaa,0x21,0x1d,0x00,0x02,0xe3,0x88,0x00,0x03,0x69,0x0f,0x00,0x00,0x18,0x56,0x00,0x00,0x18,0x85,0xff,0xff,0xff,0xe2,0x00,0x00,0x00,0x1e,0xff,0xff,0xff,0xf6,0x00,0x00,0x00,0x28,0x01,0xc1,0x48,0xba,0x00,0x00,0x03,0x48,0x00,0x45,0x7f,0x20,0x00,0x00,0x00,0x00,0x00,0xcc,0x00,0xb7,0x00,0x5a,0x00,0x8e,0x00,0x73,0x00,0x60,0x00,0x3e
28688,f,0x13,0x94,0x1f,0x84,0x07,0xdf,0x0b,0x0b,0x13,0x0e,0x11,0x07,0x00,0x00,0x00,0x0d,0x1d,0xc6,0x8b,0x14,0x03,0x01,0x07,0x00,0xd3,0xe8,0xbc,0xff,0x18,0xaa,0x21,0x1c,0x00,0x02,0xe3,0x86,0x00,0x03,0x69,0x0d,0x00,0x00,0x18,0x50,0x00,0x00,0x18,0x84,0xff,0xff,0xff,0xd8,0xff,0xff,0xff,0xf6,0xff,0xff,0xff,0xf6,0x00,0x00,0x00,0x28,0x01,0xc1,0x48,0xba,0x00,0x00,0x02,0xda,0x00,0x45,0x86,0x2a,0x00,0x00,0x00,0x00,0x00,0xcc,0x00,0xb7,0x00,0x5a,0x00,0x8e,0x00,0x73,0x00,0x60,0x00,0x3e
28688,f,0x13,0x94,0x20,0x7e,0x07,0xdf,0x0b,0x0b,0x13,0x0e,0x11,0x07,0x00,0x00,0x00,0x0d,0x2c,0xad,0x3d,0x38,0x03,0x01,0x07,0x00,0xd3,0xe8,0xbd,0x03,0x18,0xaa,0x21,0x1c,0x00,0x02,0xe3,0x89,0x00,0x03,0x69,0x10,0x00,0x00,0x18,0x4a,0x00,0x00,0x18,0x82,0xff,0xff,0xff,0xec,0x00,0x00,0x00,0x14,0x00,0x00,0x00,0x00,0x00,0x00,0x00,0x14,0x01,0xc1,0x48,0xba,0x00,0x00,0x03,0x52,0x00,0x45,0x8e,0x5b,0x00,0x00,0x00,0x00,0x00,0xcc,0x00,0xb7,0x00,0x5a,0x00,0x8e,0x00,0x73,0x00,0x60,0x00,0x3e
28688,f,0x13,0x94,0x21,0x78,0x07,0xdf,0x0b,0x0b,0x13,0x0e,0x12,0x07,0x00,0x00,0x00,0x0d,0xff,0xf9,0x25,0x5d,0x03,0x01,0x07,0x00,0xd3,0xe8,0xbd,0x06,0x18,0xaa,0x21,0x1e,0x00,0x02,0xe3,0x85,0x00,0x03,0x69,0x0c,0x00,0x00,0x18,0x3f,0x00,0x00,0x18,0x75,0x00,0x00,0x00,0x1e,0x00,0x00,0x00,0x5a,0x00,0x00,0x00,0x00,0x00,0x00,0x00,0x5a,0x01,0xc1,0x48,0xba,0x00,0x00,0x01,0xfe,0x00,0x45,0x93,0x3a,0x00,0x00,0x00,0x00,0x00,0xcc,0x00,0xb7,0x00,0x5a,0x00,0x8e,0x00,0x73,0x00,0x60,0x00,0x3e
28688,f,0x13,0x94,0x22,0x72,0x07,0xdf,0x0b,0x0b,0x13,0x0e,0x12,0x07,0x00,0x00,0x00,0x0d,0x0e,0xdf,0xd7,0x81,0x03,0x01,0x07,0x00,0xd3,0xe8,0xbd,0x06,0x18,0xaa,0x21,0x1c,0x00,0x02,0xe3,0x8e,0x00,0x03,0x69,0x15,0x00,0x00,0x18,0x35,0x00,0x00,0x18,0x6b,0x00,0x00,0x00,0x00,0x00,0x00,0x00,0xa0,0xff,0xff,0xff,0xec,0x00,0x00,0x00,0xa0,0x01,0xc1,0x48,0xba,0x00,0x00,0x02,0x76,0x00,0x45,0x99,0x4d,0x00,0x00,0x00,0x00,0x00,0xcc,0x00,0xb7,0x00,0x5a,0x00,0x8e,0x00,0x73,0x00,0x60,0x00,0x3e
28688,f,0x13,0x94,0x23,0x6c,0x07,0xdf,0x0b,0x0b,0x13,0x0e,0x12,0x07,0x00,0x00,0x00,0x0d,0x1d,0xc6,0x89,0xa5,0x03,0x01,0x07,0x00,0xd3,0xe8,0xbd,0x0d,0x18,0xaa,0x21,0x1c,0x00,0x02,0xe3,0xa2,0x00,0x03,0x69,0x29,0x00,0x00,0x18,0x2c,0x00,0x00,0x18,0x61,0x00,0x00,0x00,0x0a,0x00,0x00,0x00,0xe6,0xff,0xff,0xff,0xe2,0x00,0x00,0x00,0xe6,0x01,0xc1,0x48,0xba,0x00,0x00,0x02,0x62,0x00,0x45,0x9f,0x39,0x00,0x00,0x00,0x00,0x00,0xcc,0x00,0xb7,0x00,0x5a,0x00,0x8e,0x00,0x73,0x00,0x60,0x00,0x3e
28688,f,0x13,0x94,0x24,0x66,0x07,0xdf,0x0b,0x0b,0x13,0x0e,0x12,0x07,0x00,0x00,0x00,0x0d,0x2c,0xad,0x3b,0xc9,0x03,0x01,0x07,0x00,0xd3,0xe8,0xbd,0x17,0x18,0xaa,0x21,0x1a,0x00,0x02,0xe3,0xb3,0x00,0x03,0x69,0x3a,0x00,0x00,0x18,0x22,0x00,0x00,0x18,0x57,0xff,0xff,0xff,0xf6,0x00,0x00,0x00,0xe6,0xff,0xff,0xff,0xd8,0x00,0x00,0x00,0xe6,0x01,0xc1,0x48,0xba,0x00,0x00,0x02,0x80,0x00,0x45,0xa5,0x5f,0x00,0x00,0x00,0x00,0x00,0xcc,0x00,0xb7,0x00,0x5a,0x00,0x8e,0x00,0x73,0x00,0x60,0x00,0x3e
28688,f,0x13,0x94,0x25,0x60,0x07,0xdf,0x0b,0x0b,0x13,0x0e,0x13,0x07,0x00,0x00,0x00,0x0d,0xff,0xf9,0x23,0xee,0x03,0x01,0x07,0x00,0xd3,0xe8,0xbd,0x19,0x18,0xaa,0x21,0x1a,0x00,0x02,0xe3,0xba,0x00,0x03,0x69,0x41,0x00,0x00,0x18,0x18,0x00,0x00,0x18,0x4d,0xff,0xff,0xff,0xd8,0x00,0x00,0x00,0xa0,0xff,0xff,0xff,0xd8,0x00,0x00,0x00,0xaa,0x01,0xc1,0x48,0xba,0x00,0x00,0x02,0xbc,0x00,0x45,0xac,0x18,0x00,0x00,0x00,0x00,0x00,0xcc,0x00,0xb7,0x00,0x5a,0x00,0x8e,0x00,0x73,0x00,0x60,0x00,0x3e
28688,f,0x13,0x94,0x26,0x5a,0x07,0xdf,0x0b,0x0b,0x13,0x0e,0x13,0x07,0x00,0x00,0x00,0x0d,0x0e,0xdf,0xd6,0x12,0x03,0x01,0x07,0x00,0xd3,0xe8,0xbd,0x1f,0x18,0xaa,0x21,0x1a,0x00,0x02,0xe3,0xcc,0x00,0x03,0x69,0x52,0x00,0x00,0x18,0x13,0x00,0x00,0x18,0x49,0xff,0xff,0xff,0xec,0x00,0x00,0x00,0xbe,0xff,0xff,0xff,0xce,0x00,0x00,0x00,0xbe,0x01,0xc1,0x48,0xba,0x00,0x00,0x02,0x8a,0x00,0x45,0xb2,0x57,0x00,0x00,0x00,0x00,0x00,0xcc,0x00,0xb7,0x00,0x5a,0x00,0x8e,0x00,0x73,0x00,0x60,0x00,0x3e
28688,f,0x13,0x94,0x27,0x54,0x07,0xdf,0x0b,0x0b,0x13,0x0e,0x13,0x07,0x00,0x00,0x00,0x0d,0x1d,0xc6,0x88,0x36,0x03,0x01,0x07,0x00,0xd3,0xe8,0xbd,0x1f,0x18,0xaa,0x21,0x1c,0x00,0x02,0xe3,0xb5,0x00,0x03,0x69,0x3c,0x00,0x00,0x18,0x0c,0x00,0x00,0x18,0x40,0x00,0x00,0x00,0x14,0x00,0x00,0x00,0xd2,0xff,0xff,0xff,0xc4,0x00,0x00,0x00,0xd2,0x01,0xc1,0x48,0xba,0x00,0x00,0x02,0x3a,0x00,0x45,0xb7,0xda,0x00,0x00,0x00,0x00,0x00,0xcc,0x00,0xb7,0x00,0x5a,0x00,0x8e,0x00,0x73,0x00,0x60,0x00,0x3e
28688,f,0x13,0x94,0x28,0x4e,0x07,0xdf,0x0b,0x0b,0x13,0x0e,0x13,0x07,0x00,0x00,0x00,0x0d,0x2c,0xad,0x3a,0x5b,0x03,0x01,0x07,0x00,0xd3,0xe8,0xbd,0x11,0x18,0xaa,0x21,0x1c,0x00,0x02,0xe3,0x62,0x00,0x03,0x68,0xe9,0x00,0x00,0x18,0x04,0x00,0x00,0x18,0x37,0xff,0xff,0xff,0xf6,0x00,0x00,0x00,0x50,0xff,0xff,0xff,0xc4,0x00,0x00,0x00,0x50,0x01,0xc1,0x48,0xba,0x00,0x00,0x02,0x44,0x00,0x45,0xbd,0x6e,0x00,0x00,0x00,0x00,0x00,0xcc,0x00,0xb7,0x00,0x5a,0x00,0x8e,0x00,0x73,0x00,0x60,0x00,0x3e
28688,f,0x13,0x94,0x29,0x48,0x07,0xdf,0x0b,0x0b,0x13,0x0e,0x14,0x07,0x00,0x00,0x00,0x0d,0xff,0xf9,0x22,0x81,0x03,0x01,0x07,0x00,0xd3,0xe8,0xbd,0x10,0x18,0xaa,0x21,0x1c,0x00,0x02,0xe3,0x54,0x00,0x03,0x68,0xdb,0x00,0x00,0x17,0xfc,0x00,0x00,0x18,0x2e,0x00,0x00,0x00,0x00,0x00,0x00,0x00,0x28,0xff,0xff,0xff,0xc4,0x00,0x00,0x00,0x28,0x01,0xc1,0x48,0xba,0x00,0x00,0x01,0xd6,0x00,0x45,0xc1,0xfa,0x00,0x00,0x00,0x00,0x00,0xcc,0x00,0xb7,0x00,0x5a,0x00,0x8e,0x00,0x73,0x00,0x60,0x00,0x3e
28688,f,0x13,0x94,0x2a,0x42,0x07,0xdf,0x0b,0x0b,0x13,0x0e,0x14,0x07,0x00,0x00,0x00,0x0d,0x0e,0xdf,0xd4,0xa4,0x03,0x01,0x07,0x00,0xd3,0xe8,0xbd,0x0f,0x18,0xaa,0x21,0x1f,0x00,0x02,0xe3,0x59,0x00,0x03,0x68,0xe0,0x00,0x00,0x17,0xf5,0x00,0x00,0x18,0x25,0x00,0x00,0x00,0x28,0x00,0x00,0x00,0x00,0xff,0xff,0xff,0xc4,0x00,0x00,0x00,0x28,0x01,0xc1,0x48,0xba,0x00,0x00,0x02,0x3a,0x00,0x45,0xc7,0x76,0x00,0x00,0x00,0x00,0x00,0xcc,0x00,0xb7,0x00,0x5a,0x00,0x8e,0x00,0x73,0x00,0x60,0x00,0x3e
28688,f,0x13,0x94,0x2b,0x3c,0x07,0xdf,0x0b,0x0b,0x13,0x0e,0x14,0x07,0x00,0x00,0x00,0x0d,0x1d,0xc6,0x86,0xc8,0x03,0x01,0x07,0x00,0xd3,0xe8,0xbd,0x09,0x18,0xaa,0x21,0x23,0x00,0x02,0xe3,0x44,0x00,0x03,0x68,0xcb,0x00,0x00,0x17,0xef,0x00,0x00,0x18,0x1e,0x00,0x00,0x00,0x28,0xff,0xff,0xff,0x4c,0xff,0xff,0xff,0xd8,0x00,0x00,0x00,0xb4,0x01,0xc1,0x48,0xba,0x00,0x00,0x02,0xc6,0x00,0x45,0xce,0x3c,0x00,0x00,0x00,0x00,0x00,0xcc,0x00,0xb7,0x00,0x5a,0x00,0x8e,0x00,0x73,0x00,0x60,0x00,0x3e
28688,f,0x13,0x94,0x2c,0x36,0x07,0xdf,0x0b,0x0b,0x13,0x0e,0x14,0x07,0x00,0x00,0x00,0x0d,0x2c,0xad,0x38,0xed,0x03,0x01,0x07,0x00,0xd3,0xe8,0xbc,0xfb,0x18,0xaa,0x21,0x27,0x00,0x02,0xe2,0xe0,0x00,0x03,0x68,0x67,0x00,0x00,0x17,0xea,0x00,0x00,0x18,0x16,0x00,0x00,0x00,0x46,0xff,0xff,0xfe,0xca,0xff,0xff,0xff,0xec,0x00,0x00,0x01,0x36,0x01,0xc1,0x48,0xba,0x00,0x00,0x02,0xd0,0x00,0x45,0xd5,0x2c,0x00,0x00,0x00,0x00,0x00,0xcc,0x00,0xb7,0x00,0x5a,0x00,0x8e,0x00,0x73,0x00,0x60,0x00,0x3e
28688,f,0x13,0x94,0x2d,0x30,0x07,0xdf,0x0b,0x0b,0x13,0x0e,0x15,0x07,0x00,0x00,0x00,0x0d,0xff,0xf9,0x21,0x12,0x03,0x01,0x07,0x00,0xd3,0xe8,0xbc,0xf8,0x18,0xaa,0x21,0x2b,0x00,0x02,0xe2,0xda,0x00,0x03,0x68,0x60,0x00,0x00,0x17,0xe4,0x00,0x00,0x18,0x0e,0x00,0x00,0x00,0x5a,0xff,0xff,0xfe,0xb6,0xff,0xff,0xff,0xf6,0x00,0x00,0x01,0x54,0x01,0xc1,0x48,0xba,0x00,0x00,0x02,0xda,0x00,0x45,0xdc,0x2d,0x00,0x00,0x00,0x00,0x00,0xcc,0x00,0xb7,0x00,0x5a,0x00,0x8e,0x00,0x73,0x00,0x60,0x00,0x3e
28688,f,0x13,0x94,0x2e,0x2a,0x07,0xdf,0x0b,0x0b,0x13,0x0e,0x15,0x07,0x00,0x00,0x00,0x0d,0x0e,0xdf,0xd3,0x36,0x03,0x01,0x07,0x00,0xd3,0xe8,0xbc,0xea,0x18,0xaa,0x21,0x2f,0x00,0x02,0xe2,0x97,0x00,0x03,0x68,0x1e,0x00,0x00,0x17,0xe1,0x00,0x00,0x18,0x0b,0x00,0x00,0x00,0x78,0xff,0xff,0xfe,0x84,0x00,0x00,0x00,0x0a,0x00,0x00,0x01,0x90,0x01,0xc1,0x48,0xba,0x00,0x00,0x02,0xee,0x00,0x45,0xe3,0x56,0x00,0x00,0x00,0x00,0x00,0xcc,0x00,0xb7,0x00,0x5a,0x00,0x8e,0x00,0x73,0x00,0x60,0x00,0x3e
28688,f,0x13,0x94,0x2f,0x24,0x07,0xdf,0x0b,0x0b,0x13,0x0e,0x15,0x07,0x00,0x00,0x00,0x0d,0x1d,0xc6,0x85,0x5a,0x03,0x01,0x07,0x00,0xd3,0xe8,0xbc,0xe5,0x18,0xaa,0x21,0x34,0x00,0x02,0xe2,0x4f,0x00,0x03,0x67,0xd6,0x00,0x00,0x17,0xe0,0x00,0x00,0x18,0x05,0x00,0x00,0x00,0xaa,0xff,0xff,0xfe,0x7a,0x00,0x00,0x00,0x1e,0x00,0x00,0x01,0xae,0x01,0xc1,0x48,0xba,0x00,0x00,0x03,0x16,0x00,0x45,0xea,0xf6,0x00,0x00,0x00,0x00,0x00,0xcc,0x00,0xb7,0x00,0x5a,0x00,0x8e,0x00,0x73,0x00,0x60,0x00,0x3e
28688,f,0x13,0x94,0x30,0x1e,0x07,0xdf,0x0b,0x0b,0x13,0x0e,0x15,0x07,0x00,0x00,0x00,0x0d,0x2c,0xad,0x37,0x7e,0x03,0x01,0x07,0x00,0xd3,0xe8,0xbc,0xdb,0x18,0xaa,0x21,0x34,0x00,0x02,0xe2,0x2c,0x00,0x03,0x67,0xb3,0x00,0x00,0x17,0xdd,0x00,0x00,0x17,0xfd,0x00,0x00,0x00,0x6e,0xff,0xff,0xfe,0x5c,0x00,0x00,0x00,0x1e,0x00,0x00,0x01,0xae,0x01,0xc1,0x48,0xba,0x00,0x00,0x02,0xe4,0x00,0x45,0xf2,0x03,0x00,0x00,0x00,0x00,0x00,0xcc,0x00,0xb7,0x00,0x5a,0x00,0x8e,0x00,0x73,0x00,0x60,0x00,0x3e
28688,f,0x13,0x94,0x31,0x18,0x07,0xdf,0x0b,0x0b,0x13,0x0e,0x16,0x07,0x00,0x00,0x00,0x0d,0xff,0xf9,0x1f,0xa4,0x03,0x01,0x08,0x00,0xd3,0xe8,0xbc,0xdc,0x18,0xaa,0x21,0x34,0x00,0x02,0xe1,0xd1,0x00,0x03,0x67,0x58,0x00,0x00,0x17,0xd4,0x00,0x00,0x17,0xf4,0x00,0x00,0x00,0x82,0xff,0xff,0xfe,0x98,0x00,0x00,0x00,0x32,0x00,0x00,0x01,0x7c,0x01,0xc1,0x48,0xba,0x00,0x00,0x02,0xee,0x00,0x45,0xf9,0x3c,0x00,0x00,0x00,0x00,0x00,0xbd,0x00,0xa8,0x00,0x57,0x00,0x7f,0x00,0x6d,0x00,0x5a,0x00,0x3e
28688,f,0x13,0x94,0x32,0x12,0x07,0xdf,0x0b,0x0b,0x13,0x0e,0x16,0x07,0x00,0x00,0x00,0x0d,0x0e,0xdf,0xd1,0xc7,0x03,0x01,0x08,0x00,0xd3,0xe8,0xbc,0xe0,0x18,0xaa,0x21,0x37,0x00,0x02,0xe1,0xb7,0x00,0x03,0x67,0x3e,0x00,0x00,0x17,0xca,0x00,0x00,0x17,0xea,0x00,0x00,0x00,0xbe,0xff,0xff,0xfe,0xb6,0x00,0x00,0x00,0x3c,0x00,0x00,0x01,0x7c,0x01,0xc1,0x48,0xba,0x00,0x00,0x03,0x16,0x00,0x46,0x00,0xcb,0x00,0x00,0x00,0x00,0x00,0xbd,0x00,0xa8,0x00,0x57,0x00,0x7f,0x00,0x6d,0x00,0x5a,0x00,0x3e
28688,f,0x13,0x94,0x33,0x0c,0x07,0xdf,0x0b,0x0b,0x13,0x0e,0x16,0x07,0x00,0x00,0x00,0x0d,0x1d,0xc6,0x83,0xeb,0x03,0x01,0x08,0x00,0xd3,0xe8,0xbc,0xe7,0x18,0xaa,0x21,0x34,0x00,0x02,0xe1,0x7b,0x00,0x03,0x67,0x02,0x00,0x00,0x17,0xc1,0x00,0x00,0x17,0xe0,0x00,0x00,0x00,0xa0,0xff,0xff,0xff,0x6a,0x00,0x00,0x00,0x32,0x00,0x00,0x00,0xdc,0x01,0xc1,0x48,0xba,0x00,0x00,0x03,0x20,0x00,0x46,0x08,0x81,0x00,0x00,0x00,0x00,0x00,0xbd,0x00,0xa8,0x00,0x57,0x00,0x7f,0x00,0x6d,0x00,0x5a,0x00,0x3e
28688,f,0x13,0x94,0x34,0x06,0x07,0xdf,0x0b,0x0b,0x13,0x0e,0x16,0x07,0x00,0x00,0x00,0x0d,0x2c,0xad,0x36,0x10,0x03,0x01,0x08,0x00,0xd3,0xe8,0xbc,0xe7,0x18,0xaa,0x21,0x33,0x00,0x02,0xe1,0x33,0x00,0x03,0x66,0xba,0x00,0x00,0x17,0xb1,0x00,0x00,0x17,0xd3,0x00,0x00,0x00,0x78,0xff,0xff,0xff,0xb0,0x00,0x00,0x00,0x28,0x00,0x00,0x00,0x8c,0x01,0xc1,0x48,0xba,0x00,0x00,0x03,0x02,0x00,0x46,0x0f,0xda,0x00,0x00,0x00,0x00,0x00,0xbd,0x00,0xa8,0x00,0x57,0x00,0x7f,0x00,0x6d,0x00,0x5a,0x00,0x3e
28688,f,0x13,0x94,0x35,0x00,0x07,0xdf,0x0b,0x0b,0x13,0x0e,0x17,0x07,0x00,0x00,0x00,0x0d,0xff,0xf9,0x1e,0x35,0x03,0x01,0x08,0x00,0xd3,0xe8,0xbc,0xe8,0x18,0xaa,0x21,0x32,0x00,0x02,0xe1,0x08,0x00,0x03,0x66,0x8f,0x00,0x00,0x17,0xa2,0x00,0x00,0x17,0xc7,0x00,0x00,0x00,0x6e,0xff,0xff,0xff,0xf6,0x00,0x00,0x00,0x1e,0x00,0x00,0x00,0x6e,0x01,0xc1,0x48,0xba,0x00,0x00,0x02,0x94,0x00,0x46,0x16,0x28,0x00,0x00,0x00,0x00,0x00,0xbd,0x00,0xa8,0x00,0x57,0x00,0x7f,0x00,0x6d,0x00,0x5a,0x00,0x3e
28688,f,0x13,0x94,0x35,0xfa,0x07,0xdf,0x0b,0x0b,0x13,0x0e,0x17,0x07,0x00,0x00,0x00,0x0d,0x0e,0xdf,0xd0,0x59,0x03,0x01,0x08,0x00,0xd3,0xe8,0xbc,0xe7,0x18,0xaa,0x21,0x32,0x00,0x02,0xe0,0xc2,0x00,0x03,0x66,0x49,0x00,0x00,0x17,0x95,0x00,0x00,0x17,0xbc,0x00,0x00,0x00,0x5a,0xff,0xff,0xff,0xd8,0x00,0x00,0x00,0x14,0x00,0x00,0x00,0x64,0x01,0xc1,0x48,0xba,0x00,0x00,0x02,0xee,0x00,0x46,0x1d,0x48,0x00,0x00,0x00,0x00,0x00,0xbd,0x00,0xa8,0x00,0x57,0x00,0x7f,0x00,0x6d,0x00,0x5a,0x00,0x3e
28688,f,0x13,0x94,0x36,0xf4,0x07,0xdf,0x0b,0x0b,0x13,0x0e,0x17,0x07,0x00,0x00,0x00,0x0d,0x1d,0xc6,0x82,0x7d,0x03,0x01,0x08,0x00,0xd3,0xe8,0xbc,0xf0,0x18,0xaa,0x21,0x2f,0x00,0x02,0xe0,0xa6,0x00,0x03,0x66,0x2d,0x00,0x00,0x17,0x89,0x00,0x00,0x17,0xb1,0x00,0x00,0x00,0x32,0x00,0x00,0x00,0x28,0x00,0x00,0x00,0x14,0x00,0x00,0x00,0x46,0x01,0xc1,0x48,0xba,0x00,0x00,0x01,0xb8,0x00,0x46,0x21,0x7d,0x00,0x00,0x00,0x00,0x00,0xbd,0x00,0xa8,0x00,0x57,0x00,0x7f,0x00,0x6d,0x00,0x5a,0x00,0x3e
28688,f,0x13,0x94,0x37,0xee,0x07,0xdf,0x0b,0x0b,0x13,0x0e,0x17,0x07,0x00,0x00,0x00,0x0d,0x2c,0xad,0x34,0xa1,0x03,0x01,0x08,0x00,0xd3,0xe8,0xbc,0xe2,0x18,0xaa,0x21,0x48,0x00,0x02,0xe1,0x4e,0x00,0x03,0x66,0xd5,0x00,0x00,0x17,0x82,0x00,0x00,0x17,0xa8,0x00,0x00,0x01,0x5e,0xff,0xff,0xff,0x4c,0xff,0xff,0xff,0xd8,0x00,0x00,0x01,0x90,0x01,0xc1,0x48,0xba,0x00,0x00,0x03,0x20,0x00,0x46,0x29,0x2a,0x00,0x00,0x00,0x00,0x00,0xbd,0x00,0xa8,0x00,0x57,0x00,0x7f,0x00,0x6d,0x00,0x5a,0x00,0x3e
28688,f,0x13,0x94,0x38,0xe8,0x07,0xdf,0x0b,0x0b,0x13,0x0e,0x18,0x07,0x00,0x00,0x00,0x0d,0xff,0xf9,0x1c,0xc7,0x03,0x01,0x08,0x00,0xd3,0xe8,0xbc,0xda,0x18,0xaa,0x21,0x4a,0x00,0x02,0xe1,0x16,0x00,0x03,0x66,0x9d,0x00,0x00,0x17,0x76,0x00,0x00,0x17,0xa1,0x00,0x00,0x01,0x0e,0xff,0xff,0xff,0x4c,0xff,0xff,0xff,0xd8,0x00,0x00,0x01,0x40,0x01,0xc1,0x48,0xba,0x00,0x00,0x03,0x34,0x00,0x46,0x31,0x04,0x00,0x00,0x00,0x00,0x00,0xbd,0x00,0xa8,0x00,0x57,0x00,0x7f,0x00,0x6d,0x00,0x5a,0x00,0x3e
28688,f,0x13,0x94,0x39,0xe2,0x07,0xdf,0x0b,0x0b,0x13,0x0e,0x18,0x07,0x00,0x00,0x00,0x0d,0x0e,0xdf,0xce,0xea,0x03,0x01,0x08,0x00,0xd3,0xe8,0xbc,0xd2,0x18,0xaa,0x21,0x4e,0x00,0x02,0xe1,0x1f,0x00,0x03,0x66,0xa6,0x00,0x00,0x17,0x6e,0x00,0x00,0x17,0x98,0x00,0x00,0x00,0xd2,0xff,0xff,0xfe,0xf2,0xff,0xff,0xff,0xce,0x00,0x00,0x01,0x54,0x01,0xc1,0x48,0xba,0x00,0x00,0x03,0x2a,0x00,0x46,0x38,0xbd,0x00,0x00,0x00,0x00,0x00,0xbd,0x00,0xa8,0x00,0x57,0x00,0x7f,0x00,0x6d,0x00,0x5a,0x00,0x3e
28688,f,0x13,0x94,0x3a,0xdc,0x07,0xdf,0x0b,0x0b,0x13,0x0e,0x18,0x07,0x00,0x00,0x00,0x0d,0x1d,0xc6,0x81,0x0e,0x03,0x01,0x08,0x00,0xd3,0xe8,0xbc,0xd5,0x18,0xaa,0x21,0x52,0x00,0x02,0xe1,0x6f,0x00,0x03,0x66,0xf6,0x00,0x00,0x17,0x61,0x00,0x00,0x17,0x8d,0x00,0x00,0x00,0xa0,0xff,0xff,0xfe,0xf2,0xff,0xff,0xff,0xc4,0x00,0x00,0x01,0x36,0x01,0xc1,0x48,0xba,0x00,0x00,0x03,0x02,0x00,0x46,0x40,0x1a,0x00,0x00,0x00,0x00,0x00,0xbd,0x00,0xa8,0x00,0x57,0x00,0x7f,0x00,0x6d,0x00,0x5a,0x00,0x3e
28688,f,0x13,0x94,0x3b,0xd6,0x07,0xdf,0x0b,0x0b,0x13,0x0e,0x18,0x07,0x00,0x00,0x00,0x0d,0x2c,0xad,0x33,0x33,0x03,0x01,0x08,0x00,0xd3,0xe8,0xbc,0xd4,0x18,0xaa,0x21,0x55,0x00,0x02,0xe1,0x51,0x00,0x03,0x66,0xd8,0x00,0x00,0x17,0x55,0x00,0x00,0x17,0x81,0x00,0x00,0x00,0xaa,0xff,0xff,0xfe,0xc0,0xff,0xff,0xff,0xd8,0x00,0x00,0x01,0x68,0x01,0xc1,0x48,0xba,0x00,0x00,0x02,0xf8,0x00,0x46,0x47,0x58,0x00,0x00,0x00,0x00,0x00,0xbd,0x00,0xa8,0x00,0x57,0x00,0x7f,0x00,0x6d,0x00,0x5a,0x00,0x3e
28688,f,0x13,0x94,0x3c,0xd0,0x07,0xdf,0x0b,0x0b,0x13,0x0e,0x19,0x07,0x00,0x00,0x00,0x0d,0xff,0xf9,0x1b,0x58,0x03,0x01,0x08,0x00,0xd3,0xe8,0xbc,0xcf,0x18,0xaa,0x21,0x57,0x00,0x02,0xe1,0x28,0x00,0x03,0x66,0xaf,0x00,0x00,0x17,0x46,0x00,0x00,0x17,0x74,0x00,0x00,0x00,0x8c,0xff,0xff,0xfe,0xa2,0xff,0xff,0xff,0xe2,0x00,0x00,0x01,0x72,0x01,0xc1,0x48,0xba,0x00,0x00,0x02,0xda,0x00,0x46,0x4e,0x4d,0x00,0x00,0x00,0x00,0x00,0xbd,0x00,0xa8,0x00,0x57,0x00,0x7f,0x00,0x6d,0x00,0x5a,0x00,0x3e
28688,f,0x13,0x94,0x3d,0xca,0x07,0xdf,0x0b,0x0b,0x13,0x0e,0x19,0x07,0x00,0x00,0x00,0x0d,0x0e,0xdf,0xcd,0x7b,0x03,0x01,0x08,0x00,0xd3,0xe8,0xbc,0xcc,0x18,0xaa,0x21,0x57,0x00,0x02,0xe1,0x03,0x00,0x03,0x66,0x8a,0x00,0x00,0x17,0x3a,0x00,0x00,0x17,0x68,0x00,0x00,0x00,0x50,0xff,0xff,0xfe,0x5c,0xff,0xff,0xff,0xf6,0x00,0x00,0x01,0xa4,0x01,0xc1,0x48,0xba,0x00,0x00,0x02,0x9e,0x00,0x46,0x54,0xb8,0x00,0x00,0x00,0x00,0x00,0xbd,0x00,0xa8,0x00,0x57,0x00,0x7f,0x00,0x6d,0x00,0x5a,0x00,0x3e
28688,f,0x13,0x94,0x3e,0xc4,0x07,0xdf,0x0b,0x0b,0x13,0x0e,0x19,0x07,0x00,0x00,0x00,0x0d,0x1d,0xc6,0x7f,0xa0,0x03,0x01,0x08,0x00,0xd3,0xe8,0xbc,0xd2,0x18,0xaa,0x21,0x54,0x00,0x02,0xe0,0xbd,0x00,0x03,0x66,0x44,0x00,0x00,0x17,0x2d,0x00,0x00,0x17,0x5d,0x00,0x00,0x00,0x3c,0xff,0xff,0xfe,0xac,0x00,0x00,0x00,0x14,0x00,0x00,0x01,0x54,0x01,0xc1,0x48,0xba,0x00,0x00,0x02,0x9e,0x00,0x46,0x5b,0x12,0x00,0x00,0x00,0x00,0x00,0xbd,0x00,0xa8,0x00,0x57,0x00,0x7f,0x00,0x6d,0x00,0x5a,0x00,0x3e
28688,f,0x13,0x94,0x3f,0xbe,0x07,0xdf,0x0b,0x0b,0x13,0x0e,0x19,0x07,0x00,0x00,0x00,0x0d,0x2c,0xad,0x31,0xc4,0x03,0x01,0x08,0x00,0xd3,0xe8,0xbc,0xd8,0x18,0xaa,0x21,0x55,0x00,0x02,0xe0,0xce,0x00,0x03,0x66,0x55,0x00,0x00,0x17,0x22,0x00,0x00,0x17,0x52,0x00,0x00,0x00,0x46,0xff,0xff,0xff,0x06,0x00,0x00,0x00,0x1e,0x00,0x00,0x01,0x04,0x01,0xc1,0x48,0xba,0x00,0x00,0x02,0xb2,0x00,0x46,0x61,0x9c,0x00,0x00,0x00,0x00,0x00,0xbd,0x00,0xa8,0x00,0x57,0x00,0x7f,0x00,0x6d,0x00,0x5a,0x00,0x3e
28688,f,0x13,0x94,0x40,0xb8,0x07,0xdf,0x0b,0x0b,0x13,0x0e,0x1a,0x07,0x00,0x00,0x00,0x0d,0xff,0xf9,0x19,0xe9,0x03,0x01,0x08,0x00,0xd3,0xe8,0xbc,0xd0,0x18,0xaa,0x21,0x54,0x00,0x02,0xe0,0x8e,0x00,0x03,0x66,0x15,0x00,0x00,0x17,0x16,0x00,0x00,0x17,0x47,0x00,0x00,0x00,0x1e,0xff,0xff,0xfe,0xde,0x00,0x00,0x00,0x1e,0x00,0x00,0x01,0x22,0x01,0xc1,0x48,0xba,0x00,0x00,0x02,0x80,0x00,0x46,0x67,0xb6,0x00,0x00,0x00,0x00,0x00,0xbd,0x00,0xa8,0x00,0x57,0x00,0x7f,0x00,0x6d,0x00,0x5a,0x00,0x3e
28688,f,0x13,0x94,0x41,0xb2,0x07,0xdf,0x0b,0x0b,0x13,0x0e,0x1a,0x07,0x00,0x00,0x00,0x0d,0x0e,0xdf,0xcc,0x0c,0x03,0x01,0x08,0x00,0xd3,0xe8,0xbc,0xd8,0x18,0xaa,0x21,0x53,0x00,0x02,0xe0,0x96,0x00,0x03,0x66,0x1d,0x00,0x00,0x17,0x0a,0x00,0x00,0x17,0x3b,0x00,0x00,0x00,0x14,0xff,0xff,0xff,0x10,0x00,0x00,0x00,0x28,0x00,0x00,0x00,0xf0,0x01,0xc1,0x48,0xba,0x00,0x00,0x02,0x6c,0x00,0x46,0x6d,0xa3,0x00,0x00,0x00,0x00,0x00,0xbd,0x00,0xa8,0x00,0x57,0x00,0x7f,0x00,0x6d,0x00,0x5a,0x00,0x3e
28688,f,0x13,0x94,0x42,0xac,0x07,0xdf,0x0b,0x0b,0x13,0x0e,0x1a,0x07,0x00,0x00,0x00,0x0d,0x1d,0xc6,0x7e,0x31,0x03,0x01,0x08,0x00,0xd3,0xe8,0xbc,0xcf,0x18,0xaa,0x21,0x53,0x00,0x02,0xe0,0x3d,0x00,0x03,0x65,0xc4,0x00,0x00,0x16,0xfc,0x00,0x00,0x17,0x33,0x00,0x00,0x00,0x0a,0xff,0xff,0xfe,0xfc,0x00,0x00,0x00,0x3c,0x00,0x00,0x01,0x04,0x01,0xc1,0x48,0xba,0x00,0x00,0x02,0x58,0x00,0x46,0x73,0x61,0x00,0x00,0x00,0x00,0x00,0xbd,0x00,0xa8,0x00,0x57,0x00,0x7f,0x00,0x6d,0x00,0x5a,0x00,0x3e
28688,f,0x13,0x94,0x43,0xa6,0x07,0xdf,0x0b,0x0b,0x13,0x0e,0x1a,0x07,0x00,0x00,0x00,0x0d,0x2c,0xad,0x30,0x55,0x03,0x01,0x08,0x00,0xd3,0xe8,0xbc,0xd2,0x18,0xaa,0x21,0x52,0x00,0x02,0xe0,0x0b,0x00,0x03,0x65,0x92,0x00,0x00,0x16,0xef,0x00,0x00,0x17,0x2d,0x00,0x00,0x00,0x0a,0xff,0xff,0xff,0xa6,0x00,0x00,0x00,0x46,0x00,0x00,0x00,0x5a,0x01,0xc1,0x48,0xba,0x00,0x00,0x02,0x3a,0x00,0x46,0x78,0xc8,0x00,0x00,0x00,0x00,0x00,0xbd,0x00,0xa8,0x00,0x57,0x00,0x7f,0x00,0x6d,0x00,0x5a,0x00,0x3e
28688,f,0x13,0x94,0x44,0xa0,0x07,0xdf,0x0b,0x0b,0x13,0x0e,0x1b,0x07,0x00,0x00,0x00,0x0d,0xff,0xf9,0x18,0x7a,0x03,0x01,0x08,0x00,0xd3,0xe8,0xbc,0xc6,0x18,0xaa,0x21,0x58,0x00,0x02,0xdf,0xfe,0x00,0x03,0x65,0x85,0x00,0x00,0x16,0xe1,0x00,0x00,0x17,0x1f,0x00,0x00,0x00,0x46,0xff,0xff,0xff,0x9c,0x00,0x00,0x00,0x32,0x00,0x00,0x00,0x78,0x01,0xc1,0x48,0xba,0x00,0x00,0x02,0xd0,0x00,0x46,0x7f,0x99,0x00,0x00,0x00,0x00,0x00,0xbd,0x00,0xa8,0x00,0x57,0x00,0x7f,0x00,0x6d,0x00,0x5a,0x00,0x3e
28688,f,0x13,0x94,0x45,0x9a,0x07,0xdf,0x0b,0x0b,0x13,0x0e,0x1b,0x07,0x00,0x00,0x00,0x0d,0x0e,0xdf,0xca,0x9e,0x03,0x01,0x08,0x00,0xd3,0xe8,0xbc,0xc9,0x18,0xaa,0x21,0x59,0x00,0x02,0xdf,0xef,0x00,0x03,0x65,0x76,0x00,0x00,0x16,0xd3,0x00,0x00,0x17,0x13,0x00,0x00,0x00,0x3c,0x00,0x00,0x00,0x0a,0x00,0x00,0x00,0x32,0x00,0x00,0x00,0x3c,0x01,0xc1,0x48,0xba,0x00,0x00,0x01,0xfe,0x00,0x46,0x84,0x6e,0x00,0x00,0x00,0x00,0x00,0xbd,0x00,0xa8,0x00,0x57,0x00,0x7f,0x00,0x6d,0x00,0x5a,0x00,0x3e
28688,f,0x13,0x94,0x46,0x94,0x07,0xdf,0x0b,0x0b,0x13,0x0e,0x1b,0x07,0x00,0x00,0x00,0x0d,0x1d,0xc6,0x7c,0xc2,0x03,0x01,0x08,0x00,0xd3,0xe8,0xbc,0xc6,0x18,0xaa,0x21,0x59,0x00,0x02,0xdf,0xc5,0x00,0x03,0x65,0x4c,0x00,0x00,0x16,0xc4,0x00,0x00,0x17,0x07,0x00,0x00,0x00,0x0a,0xff,0xff,0xff,0xf6,0x00,0x00,0x00,0x32,0x00,0x00,0x00,0x0a,0x01,0xc1,0x48,0xba,0x00,0x00,0x01,0x9a,0x00,0x46,0x88,0x4d,0x00,0x00,0x00,0x00,0x00,0xbd,0x00,0xa8,0x00,0x57,0x00,0x7f,0x00,0x6d,0x00,0x5a,0x00,0x3e
28688,f,0x13,0x94,0x47,0x8e,0x07,0xdf,0x0b,0x0b,0x13,0x0e,0x1b,0x07,0x00,0x00,0x00,0x0d,0x2c,0xad,0x2e,0xe6,0x03,0x01,0x08,0x00,0xd3,0xe8,0xbc,0xc5,0x18,0xaa,0x21,0x5a,0x00,0x02,0xdf,0xb0,0x00,0x03,0x65,0x37,0x00,0x00,0x16,0xb5,0x00,0x00,0x16,0xfb,0xff,0xff,0xff,0xf6,0xff,0xff,0xff,0xec,0x00,0x00,0x00,0x28,0x00,0x00,0x00,0x14,0x01,0xc1,0x48,0xba,0x00,0x00,0x01,0x9a,0x00,0x46,0x8c,0x32,0x00,0x00,0x00,0x00,0x00,0xbd,0x00,0xa8,0x00,0x57,0x00,0x7f,0x00,0x6d,0x00,0x5a,0x00,0x3e
28688,f,0x13,0x94,0x48,0x88,0x07,0xdf,0x0b,0x0b,0x13,0x0e,0x1c,0x07,0x00,0x00,0x00,0x0c,0xff,0xf9,0x17,0x0c,0x03,0x01,0x08,0x00,0xd3,0xe8,0xbc,0xca,0x18,0xaa,0x21,0x5b,0x00,0x02,0xdf,0x93,0x00,0x03,0x65,0x1a,0x00,0x00,0x16,0xa8,0x00,0x00,0x16,0xef,0x00,0x00,0x00,0x14,0x00,0x00,0x00,0x46,0x00,0x00,0x00,0x32,0x00,0x00,0x00,0x50,0x01,0xc1,0x48,0xba,0x00,0x00,0x01,0xc2,0x00,0x46,0x90,0x71,0x00,0x00,0x00,0x00,0x00,0xbd,0x00,0xa8,0x00,0x57,0x00,0x7f,0x00,0x6d,0x00,0x5a,0x00,0x3e
28688,f,0x13,0x94,0x49,0x82,0x07,0xdf,0x0b,0x0b,0x13,0x0e,0x1c,0x07,0x00,0x00,0x00,0x0c,0x0e,0xdf,0xc9,0x2f,0x03,0x01,0x08,0x00,0xd3,0xe8,0xbc,0xc7,0x18,0xaa,0x21,0x5c,0x00,0x02,0xdf,0x8c,0x00,0x03,0x65,0x13,0x00,0x00,0x16,0x9b,0x00,0x00,0x16,0xe4,0xff,0xff,0xff,0xec,0x00,0x00,0x00,0x3c,0x00,0x00,0x00,0x28,0x00,0x00,0x00,0x46,0x01,0xc1,0x48,0xba,0x00,0x00,0x02,0x8a,0x00,0x46,0x96,0xab,0x00,0x00,0x00,0x00,0x00,0xbd,0x00,0xa8,0x00,0x57,0x00,0x7f,0x00,0x6d,0x00,0x5a,0x00,0x3e
28688,f,0x13,0x94,0x4a,0x7c,0x07,0xdf,0x0b,0x0b,0x13,0x0e,0x1c,0x07,0x00,0x00,0x00,0x0c,0x1d,0xc6,0x7b,0x54,0x03,0x01,0x08,0x00,0xd3,0xe8,0xbc,0xc5,0x18,0xaa,0x21,0x5f,0x00,0x02,0xdf,0x96,0x00,0x03,0x65,0x1d,0x00,0x00,0x16,0x8f,0x00,0x00,0x16,0xd9,0x00,0x00,0x00,0x0a,0x00,0x00,0x00,0x46,0x00,0x00,0x00,0x14,0x00,0x00,0x00,0x46,0x01,0xc1,0x48,0xba,0x00,0x00,0x02,0x08,0x00,0x46,0x9b,0x9b,0x00,0x00,0x00,0x00,0x00,0xbd,0x00,0xa8,0x00,0x57,0x00,0x7f,0x00,0x6d,0x00,0x5a,0x00,0x3e
28688,f,0x13,0x94,0x4b,0x76,0x07,0xdf,0x0b,0x0b,0x13,0x0e,0x1c,0x07,0x00,0x00,0x00,0x0c,0x2c,0xad,0x2d,0x78,0x03,0x01,0x08,0x00,0xd3,0xe8,0xbc,0xc7,0x18,0xaa,0x21,0x5f,0x00,0x02,0xdf,0x76,0x00,0x03,0x64,0xfc,0x00,0x00,0x16,0x82,0x00,0x00,0x16,0xce,0xff,0xff,0xff,0xf6,0x00,0x00,0x00,0x0a,0x00,0x00,0x00,0x1e,0x00,0x00,0x00,0x0a,0x01,0xc1,0x48,0xba,0x00,0x00,0x01,0xd6,0x00,0x46,0xa0,0x14,0x00,0x00,0x00,0x00,0x00,0xbd,0x00,0xa8,0x00,0x57,0x00,0x7f,0x00,0x6d,0x00,0x5a,0x00,0x3e
28688,f,0x13,0x94,0x4c,0x70,0x07,0xdf,0x0b,0x0b,0x13,0x0e,0x1d,0x07,0x00,0x00,0x00,0x0c,0xff,0xf9,0x15,0x9d,0x03,0x01,0x08,0x00,0xd3,0xe8,0xbc,0xd3,0x18,0xaa,0x21,0x5c,0x00,0x02,0xdf,0x87,0x00,0x03,0x65,0x0e,0x00,0x00,0x16,0x75,0x00,0x00,0x16,0xc3,0xff,0xff,0xff,0xb0,0x00,0x00,0x00,0x5a,0x00,0x00,0x00,0x1e,0x00,0x00,0x00,0x78,0x01,0xc1,0x48,0xba,0x00,0x00,0x02,0xf8,0x00,0x46,0xa7,0x50,0x00,0x00,0x00,0x00,0x00,0xbd,0x00,0xa8,0x00,0x57,0x00,0x7f,0x00,0x6d,0x00,0x5a,0x00,0x3e
28688,f,0x13,0x94,0x4d,0x6a,0x07,0xdf,0x0b,0x0b,0x13,0x0e,0x1d,0x07,0x00,0x00,0x00,0x0c,0x0e,0xdf,0xc7,0xc1,0x03,0x01,0x08,0x00,0xd3,0xe8,0xbc,0xd5,0x18,0xaa,0x21,0x55,0x00,0x02,0xdf,0x2d,0x00,0x03,0x64,0xb4,0x00,0x00,0x16,0x69,0x00,0x00,0x16,0xb9,0xff,0xff,0xff,0x56,0x00,0x00,0x00,0x3c,0x00,0x00,0x00,0x3c,0x00,0x00,0x00,0xb4,0x01,0xc1,0x48,0xba,0x00,0x00,0x02,0xda,0x00,0x46,0xae,0x41,0x00,0x00,0x00,0x00,0x00,0xbd,0x00,0xa8,0x00,0x57,0x00,0x7f,0x00,0x6d,0x00,0x5a,0x00,0x3e
28688,f,0x13,0x94,0x4e,0x64,0x07,0xdf,0x0b,0x0b,0x13,0x0e,0x1d,0x07,0x00,0x00,0x00,0x0c,0x1d,0xc6,0x79,0xe5,0x03,0x01,0x08,0x00,0xd3,0xe8,0xbc,0xd9,0x18,0xaa,0x21,0x54,0x00,0x02,0xdf,0x10,0x00,0x03,0x64,0x97,0x00,0x00,0x16,0x5d,0x00,0x00,0x16,0xae,0xff,0xff,0xff,0x7e,0xff,0xff,0xff,0xf6,0x00,0x00,0x00,0x50,0x00,0x00,0x00,0x82,0x01,0xc1,0x48,0xba,0x00,0x00,0x02,0x62,0x00,0x46,0xb4,0x13,0x00,0x00,0x00,0x00,0x00,0xbd,0x00,0xa8,0x00,0x57,0x00,0x7f,0x00,0x6d,0x00,0x5a,0x00,0x3e
28688,f,0x13,0x94,0x4f,0x5e,0x07,0xdf,0x0b,0x0b,0x13,0x0e,0x1d,0x07,0x00,0x00,0x00,0x0c,0x2c,0xad,0x2c,0x09,0x03,0x01,0x08,0x00,0xd3,0xe8,0xbc,0xdc,0x18,0xaa,0x21,0x52,0x00,0x02,0xdf,0x12,0x00,0x03,0x64,0x99,0x00,0x00,0x16,0x51,0x00,0x00,0x16,0xa4,0xff,0xff,0xff,0x74,0xff,0xff,0xff,0xd8,0x00,0x00,0x00,0x50,0x00,0x00,0x00,0x96,0x01,0xc1,0x48,0xba,0x00,0x00,0x02,0x26,0x00,0x46,0xb9,0x4f,0x00,0x00,0x00,0x00,0x00,0xbd,0x00,0xa8,0x00,0x57,0x00,0x7f,0x00,0x6d,0x00,0x5a,0x00,0x3e
28688,f,0x13,0x94,0x50,0x58,0x07,0xdf,0x0b,0x0b,0x13,0x0e,0x1e,0x07,0x00,0x00,0x00,0x0c,0xff,0xf9,0x14,0x2e,0x03,0x01,0x08,0x00,0xd3,0xe8,0xbc,0xdc,0x18,0xaa,0x21,0x53,0x00,0x02,0xdf,0x03,0x00,0x03,0x64,0x8a,0x00,0x00,0x16,0x46,0x00,0x00,0x16,0x9a,0xff,0xff,0xff,0xa6,0xff,0xff,0xff,0xd8,0x00,0x00,0x00,0x5a,0x00,0x00,0x00,0x64,0x01,0xc1,0x48,0xba,0x00,0x00,0x01,0xea,0x00,0x46,0xbd,0xfc,0x00,0x00,0x00,0x00,0x00,0xbd,0x00,0xa8,0x00,0x57,0x00,0x7f,0x00,0x6d,0x00,0x5a,0x00,0x3e
28688,f,0x13,0x94,0x51,0x52,0x07,0xdf,0x0b,0x0b,0x13,0x0e,0x1e,0x07,0x00,0x00,0x00,0x0c,0x0e,0xdf,0xc6,0x51,0x03,0x01,0x08,0x00,0xd3,0xe8,0xbc,0xdb,0x18,0xaa,0x21,0x53,0x00,0x02,0xdf,0x0e,0x00,0x03,0x64,0x95,0x00,0x00,0x16,0x3c,0x00,0x00,0x16,0x90,0xff,0xff,0xff,0xa6,0xff,0xff,0xff,0xba,0x00,0x00,0x00,0x5a,0x00,0x00,0x00,0x6e,0x01,0xc1,0x48,0xba,0x00,0x00,0x01,0xc2,0x00,0x46,0xc2,0x46,0x00,0x00,0x00,0x00,0x00,0xbd,0x00,0xa8,0x00,0x57,0x00,0x7f,0x00,0x6d,0x00,0x5a,0x00,0x3e
28688,f,0x13,0x94,0x52,0x4c,0x07,0xdf,0x0b,0x0b,0x13,0x0e,0x1e,0x07,0x00,0x00,0x00,0x0c,0x1d,0xc6,0x78,0x75,0x03,0x01,0x08,0x00,0xd3,0xe8,0xbc,0xde,0x18,0xaa,0x21,0x54,0x00,0x02,0xdf,0x42,0x00,0x03,0x64,0xc8,0x00,0x00,0x16,0x36,0x00,0x00,0x16,0x89,0xff,0xff,0xff,0xb0,0xff,0xff,0xff,0x9c,0x00,0x00,0x00,0x5a,0x00,0x00,0x00,0x78,0x01,0xc1,0x48,0xba,0x00,0x00,0x01,0xb8,0x00,0x46,0xc6,0x67,0x00,0x00,0x00,0x00,0x00,0xbd,0x00,0xa8,0x00,0x57,0x00,0x7f,0x00,0x6d,0x00,0x5a,0x00,0x3e
28688,f,0x13,0x94,0x53,0x46,0x07,0xdf,0x0b,0x0b,0x13,0x0e,0x1e,0x07,0x00,0x00,0x00,0x0c,0x2c,0xad,0x2a,0x9a,0x03,0x01,0x08,0x00,0xd3,0xe8,0xbc,0xd5,0x18,0xaa,0x21,0x56,0x00,0x02,0xdf,0x43,0x00,0x03,0x64,0xca,0x00,0x00,0x16,0x30,0x00,0x00,0x16,0x82,0xff,0xff,0xff,0xe2,0xff,0xff,0xff,0x7e,0x00,0x00,0x00,0x50,0x00,0x00,0x00,0x8c,0x01,0xc1,0x48,0xba,0x00,0x00,0x01,0xe0,0x00,0x46,0xca,0xfb,0x00,0x00,0x00,0x00,0x00,0xbd,0x00,0xa8,0x00,0x57,0x00,0x7f,0x00,0x6d,0x00,0x5a,0x00,0x3e
28688,f,0x13,0x94,0x54,0x40,0x07,0xdf,0x0b,0x0b,0x13,0x0e,0x1f,0x07,0x00,0x00,0x00,0x0c,0xff,0xf9,0x12,0xbf,0x03,0x01,0x08,0x00,0xd3,0xe8,0xbc,0xcf,0x18,0xaa,0x21,0x58,0x00,0x02,0xdf,0x75,0x00,0x03,0x64,0xfc,0x00,0x00,0x16,0x27,0x00,0x00,0x16,0x7b,0xff,0xff,0xff,0xec,0xff,0xff,0xff,0xb0,0x00,0x00,0x00,0x46,0x00,0x00,0x00,0x5a,0x01,0xc1,0x48,0xba,0x00,0x00,0x01,0xd6,0x00,0x46,0xcf,0x66,0x00,0x00,0x00,0x00,0x00,0xbd,0x00,0xa8,0x00,0x57,0x00,0x7f,0x00,0x6d,0x00,0x5a,0x00,0x3e
28688,f,0x13,0x94,0x55,0x3a,0x07,0xdf,0x0b,0x0b,0x13,0x0e,0x1f,0x07,0x00,0x00,0x00,0x0c,0x0e,0xdf,0xc4,0xe2,0x03,0x01,0x08,0x00,0xd3,0xe8,0xbc,0xc9,0x18,0xaa,0x21,0x5f,0x00,0x02,0xdf,0xb1,0x00,0x03,0x65,0x38,0x00,0x00,0x16,0x1c,0x00,0x00,0x16,0x72,0x00,0x00,0x00,0x5a,0x00,0x00,0x00,0x00,0x00,0x00,0x00,0x32,0x00,0x00,0x00,0x5a,0x01,0xc1,0x48,0xba,0x00,0x00,0x02,0x4e,0x00,0x46,0xd4,0xf2,0x00,0x00,0x00,0x00,0x00,0xbd,0x00,0xa8,0x00,0x57,0x00,0x7f,0x00,0x6d,0x00,0x5a,0x00,0x3e
28688,f,0x13,0x94,0x56,0x34,0x07,0xdf,0x0b,0x0b,0x13,0x0e,0x1f,0x07,0x00,0x00,0x00,0x0c,0x1d,0xc6,0x77,0x07,0x03,0x01,0x08,0x00,0xd3,0xe8,0xbc,0xc0,0x18,0xaa,0x21,0x61,0x00,0x02,0xdf,0xb1,0x00,0x03,0x65,0x38,0x00,0x00,0x16,0x13,0x00,0x00,0x16,0x6b,0x00,0x00,0x00,0x32,0x00,0x00,0x00,0x1e,0x00,0x00,0x00,0x28,0x00,0x00,0x00,0x3c,0x01,0xc1,0x48,0xba,0x00,0x00,0x01,0xa4,0x00,0x46,0xd8,0xf3,0x00,0x00,0x00,0x00,0x00,0xbd,0x00,0xa8,0x00,0x57,0x00,0x7f,0x00,0x6d,0x00,0x5a,0x00,0x3e
28688,f,0x13,0x94,0x57,0x2e,0x07,0xdf,0x0b,0x0b,0x13,0x0e,0x1f,0x07,0x00,0x00,0x00,0x0c,0x2c,0xad,0x29,0x2b,0x03,0x01,0x08,0x00,0xd3,0xe8,0xbc,0xb5,0x18,0xaa,0x21,0x65,0x00,0x02,0xdf,0xd2,0x00,0x03,0x65,0x59,0x00,0x00,0x16,0x0c,0x00,0x00,0x16,0x64,0x00,0x00,0x00,0x1e,0xff,0xff,0xff,0xce,0x00,0x00,0x00,0x1e,0x00,0x00,0x00,0x32,0x01,0xc1,0x48,0xba,0x00,0x00,0x02,0xa8,0x00,0x46,0xdf,0x64,0x00,0x00,0x00,0x00,0x00,0xbd,0x00,0xa8,0x00,0x57,0x00,0x7f,0x00,0x6d,0x00,0x5a,0x00,0x3e
28688,f,0x13,0x94,0x58,0x28,0x07,0xdf,0x0b,0x0b,0x13,0x0e,0x20,0x07,0x00,0x00,0x00,0x0c,0xff,0xf9,0x11,0x50,0x03,0x01,0x08,0x00,0xd3,0xe8,0xbc,0xb4,0x18,0xaa,0x21,0x68,0x00,0x02,0xdf,0xe8,0x00,0x03,0x65,0x6f,0x00,0x00,0x16,0x03,0x00,0x00,0x16,0x5b,0x00,0x00,0x00,0x1e,0xff,0xff,0xff,0xb0,0x00,0x00,0x00,0x1e,0x00,0x00,0x00,0x50,0x01,0xc1,0x48,0xba,0x00,0x00,0x02,0x94,0x00,0x46,0xe5,0xa4,0x00,0x00,0x00,0x00,0x00,0xbd,0x00,0xa8,0x00,0x57,0x00,0x7f,0x00,0x6d,0x00,0x5a,0x00,0x3e
28688,f,0x13,0x94,0x59,0x22,0x07,0xdf,0x0b,0x0b,0x13,0x0e,0x20,0x07,0x00,0x00,0x00,0x0c,0x0e,0xdf,0xc3,0x74,0x03,0x01,0x08,0x00,0xd3,0xe8,0xbc,0xb2,0x18,0xaa,0x21,0x6b,0x00,0x02,0xe0,0x1e,0x00,0x03,0x65,0xa5,0x00,0x00,0x15,0xf9,0x00,0x00,0x16,0x52,0x00,0x00,0x00,0x14,0xff,0xff,0xff,0xe2,0x00,0x00,0x00,0x14,0x00,0x00,0x00,0x28,0x01,0xc1,0x48,0xba,0x00,0x00,0x02,0xbc,0x00,0x46,0xec,0x3f,0x00,0x00,0x00,0x00,0x00,0xbd,0x00,0xa8,0x00,0x57,0x00,0x7f,0x00,0x6d,0x00,0x5a,0x00,0x3e
28688,f,0x13,0x94,0x5a,0x1c,0x07,0xdf,0x0b,0x0b,0x13,0x0e,0x20,0x07,0x00,0x00,0x00,0x0c,0x1d,0xc6,0x75,0x98,0x03,0x01,0x08,0x00,0xd3,0xe8,0xbc,0xaa,0x18,0xaa,0x21,0x71,0x00,0x02,0xe0,0x3f,0x00,0x03,0x65,0xc6,0x00,0x00,0x15,0xf2,0x00,0x00,0x16,0x4a,0x00,0x00,0x00,0x46,0xff,0xff,0xff,0xce,0x00,0x00,0x00,0x0a,0x00,0x00,0x00,0x50,0x01,0xc1,0x48,0xba,0x00,0x00,0x03,0x02,0x00,0x46,0xf3,0x87,0x00,0x00,0x00,0x00,0x00,0xbd,0x00,0xa8,0x00,0x57,0x00,0x7f,0x00,0x6d,0x00,0x5a,0x00,0x3e
28688,f,0x13,0x94,0x5b,0x16,0x07,0xdf,0x0b,0x0b,0x13,0x0e,0x20,0x07,0x00,0x00,0x00,0x0c,0x2c,0xad,0x27,0xbc,0x03,0x01,0x08,0x00,0xd3,0xe8,0xbc,0xab,0x18,0xaa,0x21,0x74,0x00,0x02,0xe0,0x5b,0x00,0x03,0x65,0xe2,0x00,0x00,0x15,0xea,0x00,0x00,0x16,0x43,0x00,0x00,0x00,0x1e,0xff,0xff,0xff,0xd8,0x00,0x00,0x00,0x0a,0x00,0x00,0x00,0x32,0x01,0xc1,0x48,0xba,0x00,0x00,0x02,0xee,0x00,0x46,0xfa,0x98,0x00,0x00,0x00,0x00,0x00,0xbd,0x00,0xa8,0x00,0x57,0x00,0x7f,0x00,0x6d,0x00,0x5a,0x00,0x3e
28688,f,0x13,0x94,0x5c,0x10,0x07,0xdf,0x0b,0x0b,0x13,0x0e,0x21,0x07,0x00,0x00,0x00,0x0c,0xff,0xf9,0x0f,0xe2,0x03,0x01,0x08,0x00,0xd3,0xe8,0xbc,0x95,0x18,0xaa,0x21,0x7c,0x00,0x02,0xe0,0x6e,0x00,0x03,0x65,0xf5,0x00,0x00,0x15,0xe2,0x00,0x00,0x16,0x3b,0x00,0x00,0x00,0x50,0xff,0xff,0xff,0x2e,0x00,0x00,0x00,0x00,0x00,0x00,0x00,0xdc,0x01,0xc1,0x48,0xba,0x00,0x00,0x02,0xd0,0x00,0x47,0x01,0x5e,0x00,0x00,0x00,0x00,0x00,0xbd,0x00,0xa8,0x00,0x57,0x00,0x7f,0x00,0x6d,0x00,0x5a,0x00,0x3e
28688,f,0x13,0x94,0x5d,0x0a,0x07,0xdf,0x0b,0x0b,0x13,0x0e,0x21,0x07,0x00,0x00,0x00,0x0c,0x0e,0xdf,0xc2,0x05,0x03,0x01,0x08,0x00,0xd3,0xe8,0xbc,0x8c,0x18,0xaa,0x21,0x88,0x00,0x02,0xe0,0xfd,0x00,0x03,0x66,0x84,0x00,0x00,0x15,0xdd,0x00,0x00,0x16,0x35,0x00,0x00,0x00,0xb4,0xff,0xff,0xff,0x2e,0xff,0xff,0xff,0xd8,0x00,0x00,0x01,0x0e,0x01,0xc1,0x48,0xba,0x00,0x00,0x03,0x16,0x00,0x47,0x08,0xca,0x00,0x00,0x00,0x00,0x00,0xbd,0x00,0xa8,0x00,0x57,0x00,0x7f,0x00,0x6d,0x00,0x5a,0x00,0x3e
28688,f,0x13,0x94,0x5e,0x04,0x07,0xdf,0x0b,0x0b,0x13,0x0e,0x21,0x07,0x00,0x00,0x00,0x0c,0x1d,0xc6,0x74,0x2a,0x03,0x01,0x08,0x00,0xd3,0xe8,0xbc,0x82,0x18,0xaa,0x21,0x8f,0x00,0x02,0xe1,0x07,0x00,0x03,0x66,0x8e,0x00,0x00,0x15,0xde,0x00,0x00,0x16,0x35,0x00,0x00,0x00,0xb4,0xff,0xff,0xfe,0xde,0xff,0xff,0xff,0xe2,0x00,0x00,0x01,0x54,0x01,0xc1,0x48,0xba,0x00,0x00,0x03,0x0c,0x00,0x47,0x10,0x29,0x00,0x00,0x00,0x00,0x00,0xbd,0x00,0xa8,0x00,0x57,0x00,0x7f,0x00,0x6d,0x00,0x5a,0x00,0x3e
28688,f,0x13,0x94,0x5e,0xfe,0x07,0xdf,0x0b,0x0b,0x13,0x0e,0x21,0x07,0x00,0x00,0x00,0x0c,0x2c,0xad,0x26,0x4e,0x03,0x01,0x08,0x00,0xd3,0xe8,0xbc,0x7e,0x18,0xaa,0x21,0x94,0x00,0x02,0xe1,0x6b,0x00,0x03,0x66,0xf1,0x00,0x00,0x15,0xda,0x00,0x00,0x16,0x2f,0x00,0x00,0x00,0x6e,0xff,0xff,0xfe,0x7a,0xff,0xff,0xff,0xe2,0x00,0x00,0x01,0x9a,0x01,0xc1,0x48,0xba,0x00,0x00,0x02,0xbc,0x00,0x47,0x16,0xcc,0x00,0x00,0x00,0x00,0x00,0xbd,0x00,0xa8,0x00,0x57,0x00,0x7f,0x00,0x6d,0x00,0x5a,0x00,0x3e
28688,f,0x13,0x94,0x5f,0xf8,0x07,0xdf,0x0b,0x0b,0x13,0x0e,0x22,0x07,0x00,0x00,0x00,0x0c,0xff,0xf9,0x0e,0x73,0x03,0x01,0x08,0x00,0xd3,0xe8,0xbc,0x71,0x18,0xaa,0x21,0x9a,0x00,0x02,0xe1,0x8c,0x00,0x03,0x67,0x13,0x00,0x00,0x15,0xd8,0x00,0x00,0x16,0x2b,0x00,0x00,0x00,0x82,0xff,0xff,0xfe,0x20,0xff,0xff,0xff,0xec,0x00,0x00,0x01,0xf4,0x01,0xc1,0x48,0xba,0x00,0x00,0x02,0xc6,0x00,0x47,0x1d,0x79,0x00,0x00,0x00,0x00,0x00,0xbd,0x00,0xa8,0x00,0x57,0x00,0x7f,0x00,0x6d,0x00,0x5a,0x00,0x3e
28688,f,0x13,0x94,0x60,0xf2,0x07,0xdf,0x0b,0x0b,0x13,0x0e,0x22,0x07,0x00,0x00,0x00,0x0c,0x0e,0xdf,0xc0,0x96,0x03,0x01,0x08,0x00,0xd3,0xe8,0xbc,0x76,0x18,0xaa,0x21,0x9c,0x00,0x02,0xe1,0xae,0x00,0x03,0x67,0x35,0x00,0x00,0x15,0xd6,0x00,0x00,0x16,0x28,0x00,0x00,0x00,0x6e,0xff,0xff,0xfe,0x8e,0xff,0xff,0xff,0xf6,0x00,0x00,0x01,0x7c,0x01,0xc1,0x48,0xba,0x00,0x00,0x02,0xd0,0x00,0x47,0x24,0x42,0x00,0x00,0x00,0x00,0x00,0xbd,0x00,0xa8,0x00,0x57,0x00,0x7f,0x00,0x6d,0x00,0x5a,0x00,0x3e
28688,f,0x13,0x94,0x61,0xec,0x07,0xdf,0x0b,0x0b,0x13,0x0e,0x22,0x07,0x00,0x00,0x00,0x0c,0x1d,0xc6,0x72,0xba,0x03,0x01,0x08,0x00,0xd3,0xe8,0xbc,0x74,0x18,0xaa,0x21,0xa0,0x00,0x02,0xe1,0xeb,0x00,0x03,0x67,0x72,0x00,0x00,0x15,0xd5,0x00,0x00,0x16,0x25,0x00,0x00,0x00,0x64,0xff,0xff,0xfe,0xc0,0x00,0x00,0x00,0x00,0x00,0x00,0x01,0x4a,0x01,0xc1,0x48,0xba,0x00,0x00,0x02,0xd0,0x00,0x47,0x2b,0x17,0x00,0x00,0x00,0x00,0x00,0xbd,0x00,0xa8,0x00,0x57,0x00,0x7f,0x00,0x6d,0x00,0x5a,0x00,0x3e
28688,f,0x13,0x94,0x62,0xe6,0x07,0xdf,0x0b,0x0b,0x13,0x0e,0x22,0x07,0x00,0x00,0x00,0x0c,0x2c,0xad,0x24,0xde,0x03,0x01,0x08,0x00,0xd3,0xe8,0xbc,0x6e,0x18,0xaa,0x21,0xa4,0x00,0x02,0xe2,0x15,0x00,0x03,0x67,0x9c,0x00,0x00,0x15,0xcf,0x00,0x00,0x16,0x1f,0x00,0x00,0x00,0x50,0xff,0xff,0xfe,0xac,0x00,0x00,0x00,0x00,0x00,0x00,0x01,0x5e,0x01,0xc1,0x48,0xba,0x00,0x00,0x02,0xb2,0x00,0x47,0x31,0x8d,0x00,0x00,0x00,0x00,0x00,0xbd,0x00,0xa8,0x00,0x57,0x00,0x7f,0x00,0x6d,0x00,0x5a,0x00,0x3e
28688,f,0x13,0x94,0x63,0xe0,0x07,0xdf,0x0b,0x0b,0x13,0x0e,0x23,0x07,0x00,0x00,0x00,0x0c,0xff,0xf9,0x0d,0x03,0x03,0x01,0x08,0x00,0xd3,0xe8,0xbc,0x70,0x18,0xaa,0x21,0xa5,0x00,0x02,0xe2,0x31,0x00,0x03,0x67,0xb8,0x00,0x00,0x15,0xcb,0x00,0x00,0x16,0x1a,0x00,0x00,0x00,0x3c,0xff,0xff,0xfe,0xd4,0x00,0x00,0x00,0x14,0x00,0x00,0x01,0x2c,0x01,0xc1,0x48,0xba,0x00,0x00,0x02,0x9e,0x00,0x47,0x37,0xe8,0x00,0x00,0x00,0x00,0x00,0xbd,0x00,0xa8,0x00,0x57,0x00,0x7f,0x00,0x6d,0x00,0x5a,0x00,0x3e
28688,f,0x13,0x94,0x64,0xda,0x07,0xdf,0x0b,0x0b,0x13,0x0e,0x23,0x07,0x00,0x00,0x00,0x0c,0x0e,0xdf,0xbf,0x26,0x03,0x01,0x08,0x00,0xd3,0xe8,0xbc,0x6b,0x18,0xaa,0x21,0xae,0x00,0x02,0xe2,0x77,0x00,0x03,0x67,0xfe,0x00,0x00,0x15,0xc4,0x00,0x00,0x16,0x14,0x00,0x00,0x00,0x8c,0xff,0xff,0xfe,0xfc,0x00,0x00,0x00,0x0a,0x00,0x00,0x01,0x22,0x01,0xc1,0x48,0xba,0x00,0x00,0x02,0xe4,0x00,0x47,0x3e,0xeb,0x00,0x00,0x00,0x00,0x00,0xbd,0x00,0xa8,0x00,0x57,0x00,0x7f,0x00,0x6d,0x00,0x5a,0x00,0x3e
28688,f,0x13,0x94,0x65,0xd4,0x07,0xdf,0x0b,0x0b,0x13,0x0e,0x23,0x07,0x00,0x00,0x00,0x0c,0x1d,0xc6,0x71,0x4b,0x03,0x01,0x08,0x00,0xd3,0xe8,0xbc,0x68,0x18,0xaa,0x21,0xb0,0x00,0x02,0xe2,0xa8,0x00,0x03,0x68,0x2f,0x00,0x00,0x15,0xbf,0x00,0x00,0x16,0x0d,0x00,0x00,0x00,0x6e,0xff,0xff,0xff,0x38,0x00,0x00,0x00,0x00,0x00,0x00,0x00,0xe6,0x01,0xc1,0x48,0xba,0x00,0x00,0x02,0xee,0x00,0x47,0x45,0xf9,0x00,0x00,0x00,0x00,0x00,0xbd,0x00,0xa8,0x00,0x57,0x00,0x7f,0x00,0x6d,0x00,0x5a,0x00,0x3e
28688,f,0x13,0x94,0x66,0xce,0x07,0xdf,0x0b,0x0b,0x13,0x0e,0x23,0x07,0x00,0x00,0x00,0x0c,0x2c,0xad,0x23,0x6f,0x03,0x01,0x08,0x00,0xd3,0xe8,0xbc,0x6e,0x18,0xaa,0x21,0xb0,0x00,0x02,0xe2,0xad,0x00,0x03,0x68,0x33,0x00,0x00,0x15,0xb9,0x00,0x00,0x16,0x07,0x00,0x00,0x00,0x46,0xff,0xff,0xff,0xb0,0x00,0x00,0x00,0x00,0x00,0x00,0x00,0x6e,0x01,0xc1,0x48,0xba,0x00,0x00,0x03,0x0c,0x00,0x47,0x4d,0x4b,0x00,0x00,0x00,0x00,0x00,0xbd,0x00,0xa8,0x00,0x57,0x00,0x7f,0x00,0x6d,0x00,0x5a,0x00,0x3e
28688,f,0x13,0x94,0x67,0xc8,0x07,0xdf,0x0b,0x0b,0x13,0x0e,0x24,0x07,0x00,0x00,0x00,0x0c,0xff,0xf9,0x0b,0x94,0x03,0x01,0x08,0x00,0xd3,0xe8,0xbc,0x71,0x18,0xaa,0x21,0xb0,0x00,0x02,0xe2,0xb2,0x00,0x03,0x68,0x39,0x00,0x00,0x15,0xb2,0x00,0x00,0x16,0x01,0x00,0x00,0x00,0x32,0x00,0x00,0x00,0x14,0x00,0x00,0x00,0x00,0x00,0x00,0x00,0x32,0x01,0xc1,0x48,0xba,0x00,0x00,0x02,0x26,0x00,0x47,0x52,0x6d,0x00,0x00,0x00,0x00,0x00,0xbd,0x00,0xa8,0x00,0x57,0x00,0x7f,0x00,0x6d,0x00,0x5a,0x00,0x3e
28688,f,0x13,0x94,0x68,0xc2,0x07,0xdf,0x0b,0x0b,0x13,0x0e,0x24,0x07,0x00,0x00,0x00,0x0c,0x0e,0xdf,0xbd,0xb7,0x03,0x01,0x08,0x00,0xd3,0xe8,0xbc,0x76,0x18,0xaa,0x21,0xb2,0x00,0x02,0xe2,0xd8,0x00,0x03,0x68,0x5f,0x00,0x00,0x15,0xab,0x00,0x00,0x15,0xf9,0x00,0x00,0x00,0x3c,0x00,0x00,0x00,0x28,0x00,0x00,0x00,0x00,0x00,0x00,0x00,0x46,0x01,0xc1,0x48,0xba,0x00,0x00,0x01,0xc2,0x00,0x47,0x56,0xaf,0x00,0x00,0x00,0x00,0x00,0xbd,0x00,0xa8,0x00,0x57,0x00,0x7f,0x00,0x6d,0x00,0x5a,0x00,0x3e
28688,f,0x13,0x94,0x69,0xbc,0x07,0xdf,0x0b,0x0b,0x13,0x0e,0x24,0x07,0x00,0x00,0x00,0x0c,0x1d,0xc6,0x6f,0xdb,0x03,0x01,0x08,0x00,0xd3,0xe8,0xbc,0x83,0x18,0xaa,0x21,0xaf,0x00,0x02,0xe2,0xf9,0x00,0x03,0x68,0x80,0x00,0x00,0x15,0xa5,0x00,0x00,0x15,0xf2,0x00,0x00,0x00,0x0a,0x00,0x00,0x00,0xa0,0xff,0xff,0xff,0xf6,0x00,0x00,0x00,0xa0,0x01,0xc1,0x48,0xba,0x00,0x00,0x02,0x3a,0x00,0x47,0x5c,0x0f,0x00,0x00,0x00,0x00,0x00,0xbd,0x00,0xa8,0x00,0x57,0x00,0x7f,0x00,0x6d,0x00,0x5a,0x00,0x3e
28688,f,0x13,0x94,0x6a,0xb6,0x07,0xdf,0x0b,0x0b,0x13,0x0e,0x24,0x07,0x00,0x00,0x00,0x0c,0x2c,0xad,0x21,0xff,0x03,0x01,0x08,0x00,0xd3,0xe8,0xbc,0x8f,0x18,0xaa,0x21,0xaf,0x00,0x02,0xe3,0x0f,0x00,0x03,0x68,0x96,0x00,0x00,0x15,0x9f,0x00,0x00,0x15,0xeb,0xff,0xff,0xff,0xf6,0x00,0x00,0x00,0xaa,0x00,0x00,0x00,0x00,0x00,0x00,0x00,0xaa,0x01,0xc1,0x48,0xba,0x00,0x00,0x02,0x58,0x00,0x47,0x61,0xb4,0x00,0x00,0x00,0x00,0x00,0xbd,0x00,0xa8,0x00,0x57,0x00,0x7f,0x00,0x6d,0x00,0x5a,0x00,0x3e
28688,f,0x13,0x94,0x6b,0xb0,0x07,0xdf,0x0b,0x0b,0x13,0x0e,0x25,0x07,0x00,0x00,0x00,0x0c,0xff,0xf9,0x0a,0x25,0x03,0x01,0x08,0x00,0xd3,0xe8,0xbc,0x95,0x18,0xaa,0x21,0xb2,0x00,0x02,0xe3,0x45,0x00,0x03,0x68,0xcc,0x00,0x00,0x15,0x99,0x00,0x00,0x15,0xe5,0x00,0x00,0x00,0x14,0x00,0x00,0x00,0x96,0xff,0xff,0xff,0xf6,0x00,0x00,0x00,0x96,0x01,0xc1,0x48,0xba,0x00,0x00,0x02,0x12,0x00,0x47,0x66,0xaf,0x00,0x00,0x00,0x00,0x00,0xbd,0x00,0xa8,0x00,0x57,0x00,0x7f,0x00,0x6d,0x00,0x5a,0x00,0x3e
28688,f,0x13,0x94,0x6c,0xaa,0x07,0xdf,0x0b,0x0b,0x13,0x0e,0x25,0x07,0x00,0x00,0x00,0x0c,0x0e,0xdf,0xbc,0x48,0x03,0x01,0x08,0x00,0xd3,0xe8,0xbc,0x95,0x18,0xaa,0x21,0xb2,0x00,0x02,0xe3,0x7d,0x00,0x03,0x69,0x04,0x00,0x00,0x15,0x93,0x00,0x00,0x15,0xde,0xff,0xff,0xff,0xec,0x00,0x00,0x00,0x3c,0xff,0xff,0xff,0xec,0x00,0x00,0x00,0x3c,0x01,0xc1,0x48,0xba,0x00,0x00,0x02,0x80,0x00,0x47,0x6c,0xa8,0x00,0x00,0x00,0x00,0x00,0xbd,0x00,0xa8,0x00,0x57,0x00,0x7f,0x00,0x6d,0x00,0x5a,0x00,0x3e
28688,f,0x13,0x94,0x6d,0xa4,0x07,0xdf,0x0b,0x0b,0x13,0x0e,0x25,0x07,0x00,0x00,0x00,0x0c,0x1d,0xc6,0x6e,0x6c,0x03,0x01,0x08,0x00,0xd3,0xe8,0xbc,0xa0,0x18,0xaa,0x21,0xb1,0x00,0x02,0xe3,0xb3,0x00,0x03,0x69,0x3a,0x00,0x00,0x15,0x8f,0x00,0x00,0x15,0xd8,0xff,0xff,0xff,0xe2,0x00,0x00,0x00,0x46,0xff,0xff,0xff,0xec,0x00,0x00,0x00,0x46,0x01,0xc1,0x48,0xba,0x00,0x00,0x02,0xa8,0x00,0x47,0x73,0x02,0x00,0x00,0x00,0x00,0x00,0xbd,0x00,0xa8,0x00,0x57,0x00,0x7f,0x00,0x6d,0x00,0x5a,0x00,0x3e
28688,f,0x13,0x94,0x6e,0x9e,0x07,0xdf,0x0b,0x0b,0x13,0x0e,0x25,0x07,0x00,0x00,0x00,0x0c,0x2c,0xad,0x20,0x90,0x03,0x01,0x08,0x00,0xd3,0xe8,0xbc,0xa5,0x18,0xaa,0x21,0xb0,0x00,0x02,0xe3,0xee,0x00,0x03,0x69,0x75,0x00,0x00,0x15,0x89,0x00,0x00,0x15,0xd2,0xff,0xff,0xff,0xce,0x00,0x00,0x00,0x00,0xff,0xff,0xff,0xe2,0x00,0x00,0x00,0x32,0x01,0xc1,0x48,0xba,0x00,0x00,0x02,0x44,0x00,0x47,0x78,0x7b,0x00,0x00,0x00,0x00,0x00,0xbd,0x00,0xa8,0x00,0x57,0x00,0x7f,0x00,0x6d,0x00,0x5a,0x00,0x3e
28688,f,0x13,0x94,0x6f,0x98,0x07,0xdf,0x0b,0x0b,0x13,0x0e,0x26,0x07,0x00,0x00,0x00,0x0c,0xff,0xf9,0x08,0xb5,0x03,0x01,0x08,0x00,0xd3,0xe8,0xbc,0xb8,0x18,0xaa,0x21,0xad,0x00,0x02,0xe4,0x3f,0x00,0x03,0x69,0xc6,0x00,0x00,0x15,0x84,0x00,0x00,0x15,0xcb,0xff,0xff,0xff,0xc4,0x00,0x00,0x00,0x00,0xff,0xff,0xff,0xec,0x00,0x00,0x00,0x3c,0x01,0xc1,0x48,0xba,0x00,0x00,0x02,0x62,0x00,0x47,0x7e,0x36,0x00,0x00,0x00,0x00,0x00,0xbd,0x00,0xa8,0x00,0x57,0x00,0x7f,0x00,0x6d,0x00,0x5a,0x00,0x3e
28688,f,0x13,0x94,0x70,0x92,0x07,0xdf,0x0b,0x0b,0x13,0x0e,0x26,0x07,0x00,0x00,0x00,0x0c,0x0e,0xdf,0xba,0xd8,0x03,0x01,0x08,0x00,0xd3,0xe8,0xbc,0xc1,0x18,0xaa,0x21,0xab,0x00,0x02,0xe4,0x58,0x00,0x03,0x69,0xde,0x00,0x00,0x15,0x7e,0x00,0x00,0x15,0xc4,0xff,0xff,0xff,0xba,0xff,0xff,0xff,0xc4,0xff,0xff,0xff,0xf6,0x00,0x00,0x00,0x5a,0x01,0xc1,0x48,0xba,0x00,0x00,0x01,0xa4,0x00,0x47,0x82,0x1b,0x00,0x00,0x00,0x00,0x00,0xbd,0x00,0xa8,0x00,0x57,0x00,0x7f,0x00,0x6d,0x00,0x5a,0x00,0x3e
28688,f,0x13,0x94,0x71,0x8c,0x07,0xdf,0x0b,0x0b,0x13,0x0e,0x26,0x07,0x00,0x00,0x00,0x0c,0x1d,0xc6,0x6c,0xfc,0x03,0x01,0x08,0x00,0xd3,0xe8,0xbc,0xbe,0x18,0xaa,0x21,0xaa,0x00,0x02,0xe4,0x53,0x00,0x03,0x69,0xd9,0x00,0x00,0x15,0x75,0x00,0x00,0x15,0xbb,0xff,0xff,0xff,0xc4,0xff,0xff,0xff,0x60,0x00,0x00,0x00,0x00,0x00,0x00,0x00,0xaa,0x01,0xc1,0x48,0xba,0x00,0x00,0x01,0xcc,0x00,0x47,0x86,0x77,0x00,0x00,0x00,0x00,0x00,0xbd,0x00,0xa7,0x00,0x57,0x00,0x7f,0x00,0x6d,0x00,0x5a,0x00,0x3e
28688,f,0x13,0x94,0x72,0x86,0x07,0xdf,0x0b,0x0b,0x13,0x0e,0x26,0x07,0x00,0x00,0x00,0x0c,0x2c,0xad,0x1f,0x20,0x03,0x01,0x08,0x00,0xd3,0xe8,0xbc,0xcd,0x18,0xaa,0x21,0xab,0x00,0x02,0xe4,0xb6,0x00,0x03,0x6a,0x3d,0x00,0x00,0x15,0x6c,0x00,0x00,0x15,0xb2,0x00,0x00,0x00,0x14,0xff,0xff,0xff,0xce,0x00,0x00,0x00,0x00,0x00,0x00,0x00,0x32,0x01,0xc1,0x48,0xba,0x00,0x00,0x02,0xc6,0x00,0x47,0x8d,0x14,0x00,0x00,0x00,0x00,0x00,0xbd,0x00,0xa7,0x00,0x57,0x00,0x7f,0x00,0x6d,0x00,0x5a,0x00,0x3e
28688,f,0x13,0x94,0x73,0x80,0x07,0xdf,0x0b,0x0b,0x13,0x0e,0x27,0x07,0x00,0x00,0x00,0x0c,0xff,0xf9,0x07,0x44,0x03,0x01,0x08,0x00,0xd3,0xe8,0xbc,0xd9,0x18,0xaa,0x21,0xab,0x00,0x02,0xe5,0x02,0x00,0x03,0x6a,0x89,0x00,0x00,0x15,0x62,0x00,0x00,0x15,0xaa,0xff,0xff,0xff,0xf6,0xff,0xff,0xff,0xf6,0xff,0xff,0xff,0xf6,0x00,0x00,0x00,0x14,0x01,0xc1,0x48,0xba,0x00,0x00,0x01,0x86,0x00,0x47,0x90,0xc7,0x00,0x00,0x00,0x00,0x00,0xbd,0x00,0xa7,0x00,0x57,0x00,0x7f,0x00,0x6d,0x00,0x5a,0x00,0x3e
28688,f,0x13,0x94,0x74,0x7a,0x07,0xdf,0x0b,0x0b,0x13,0x0e,0x27,0x07,0x00,0x00,0x00,0x0c,0x0e,0xdf,0xb9,0x67,0x03,0x01,0x08,0x00,0xd3,0xe8,0xbc,0xda,0x18,0xaa,0x21,0xab,0x00,0x02,0xe5,0x21,0x00,0x03,0x6a,0xa8,0x00,0x00,0x15,0x5a,0x00,0x00,0x15,0xa3,0x00,0x00,0x00,0x00,0xff,0xff,0xff,0xe2,0xff,0xff,0xff,0xf6,0x00,0x00,0x00,0x1e,0x01,0xc1,0x48,0xba,0x00,0x00,0x02,0x76,0x00,0x47,0x96,0xa5,0x00,0x00,0x00,0x00,0x00,0xbd,0x00,0xa7,0x00,0x57,0x00,0x7f,0x00,0x6d,0x00,0x5a,0x00,0x3e
28688,f,0x13,0x94,0x75,0x74,0x07,0xdf,0x0b,0x0b,0x13,0x0e,0x27,0x07,0x00,0x00,0x00,0x0c,0x1d,0xc6,0x6b,0x8b,0x03,0x01,0x08,0x00,0xd3,0xe8,0xbc,0xd9,0x18,0xaa,0x21,0xae,0x00,0x02,0xe5,0x60,0x00,0x03,0x6a,0xe7,0x00,0x00,0x15,0x54,0x00,0x00,0x15,0x9c,0x00,0x00,0x00,0x1e,0xff,0xff,0xff,0xce,0xff,0xff,0xff,0xec,0x00,0x00,0x00,0x3c,0x01,0xc1,0x48,0xba,0x00,0x00,0x02,0xd0,0x00,0x47,0x9d,0x61,0x00,0x00,0x00,0x00,0x00,0xbd,0x00,0xa7,0x00,0x57,0x00,0x7f,0x00,0x6d,0x00,0x5a,0x00,0x3e
28688,f,0x13,0x94,0x76,0x6e,0x07,0xdf,0x0b,0x0b,0x13,0x0e,0x27,0x07,0x00,0x00,0x00,0x0c,0x2c,0xad,0x1d,0xaf,0x03,0x01,0x08,0x00,0xd3,0xe8,0xbc,0xe5,0x18,0xaa,0x21,0xae,0x00,0x02,0xe5,0xaf,0x00,0x03,0x6b,0x36,0x00,0x00,0x15,0x4d,0x00,0x00,0x15,0x95,0x00,0x00,0x00,0x28,0x00,0x00,0x00,0x32,0xff,0xff,0xff,0xe2,0x00,0x00,0x00,0x46,0x01,0xc1,0x48,0xba,0x00,0x00,0x01,0xae,0x00,0x47,0xa1,0x64,0x00,0x00,0x00,0x00,0x00,0xbd,0x00,0xa7,0x00,0x57,0x00,0x7f,0x00,0x6d,0x00,0x5a,0x00,0x3e
28688,f,0x13,0x94,0x77,0x68,0x07,0xdf,0x0b,0x0b,0x13,0x0e,0x28,0x07,0x00,0x00,0x00,0x0c,0xff,0xf9,0x05,0xd4,0x03,0x01,0x08,0x00,0xd3,0xe8,0xbc,0xeb,0x18,0xaa,0x21,0xae,0x00,0x02,0xe5,0xf8,0x00,0x03,0x6b,0x7f,0x00,0x00,0x15,0x44,0x00,0x00,0x15,0x8e,0x00,0x00,0x00,0x1e,0x00,0x00,0x00,0x3c,0xff,0xff,0xff,0xd8,0x00,0x00,0x00,0x3c,0x01,0xc1,0x48,0xba,0x00,0x00,0x01,0xb8,0x00,0x47,0xa5,0x77,0x00,0x00,0x00,0x00,0x00,0xbd,0x00,0xa7,0x00,0x57,0x00,0x7f,0x00,0x6d,0x00,0x5a,0x00,0x3e
28688,f,0x13,0x94,0x78,0x62,0x07,0xdf,0x0b,0x0b,0x13,0x0e,0x28,0x07,0x00,0x00,0x00,0x0c,0x0e,0xdf,0xb7,0xf8,0x03,0x01,0x08,0x00,0xd3,0xe8,0xbc,0xef,0x18,0xaa,0x21,0xae,0x00,0x02,0xe6,0x26,0x00,0x03,0x6b,0xad,0x00,0x00,0x15,0x3d,0x00,0x00,0x15,0x87,0x00,0x00,0x00,0x3c,0x00,0x00,0x00,0xbe,0xff,0xff,0xff,0xc4,0x00,0x00,0x00,0xc8,0x01,0xc1,0x48,0xba,0x00,0x00,0x01,0xd6,0x00,0x47,0xa9,0xe2,0x00,0x00,0x00,0x00,0x00,0xbd,0x00,0xa7,0x00,0x57,0x00,0x7f,0x00,0x6d,0x00,0x5a,0x00,0x3e
28688,f,0x13,0x94,0x79,0x5c,0x07,0xdf,0x0b,0x0b,0x13,0x0e,0x28,0x07,0x00,0x00,0x00,0x0c,0x1d,0xc6,0x6a,0x1c,0x03,0x01,0x08,0x00,0xd3,0xe8,0xbc,0xf5,0x18,0xaa,0x21,0xae,0x00,0x02,0xe6,0x60,0x00,0x03,0x6b,0xe7,0x00,0x00,0x15,0x36,0x00,0x00,0x15,0x81,0x00,0x00,0x00,0x1e,0x00,0x00,0x00,0xd2,0xff,0xff,0xff,0xb0,0x00,0x00,0x00,0xd2,0x01,0xc1,0x48,0xba,0x00,0x00,0x01,0xfe,0x00,0x47,0xae,0xad,0x00,0x00,0x00,0x00,0x00,0xbd,0x00,0xa7,0x00,0x57,0x00,0x7f,0x00,0x6d,0x00,0x5a,0x00,0x3e
28688,f,0x13,0x94,0x7a,0x56,0x07,0xdf,0x0b,0x0b,0x13,0x0e,0x28,0x07,0x00,0x00,0x00,0x0c,0x2c,0xad,0x1c,0x40,0x03,0x01,0x08,0x00,0xd3,0xe8,0xbc,0xfa,0x18,0xaa,0x21,0xae,0x00,0x02,0xe6,0xa3,0x00,0x03,0x6c,0x2a,0x00,0x00,0x15,0x2b,0x00,0x00,0x15,0x78,0x00,0x00,0x00,0x14,0x00,0x00,0x00,0xa0,0xff,0xff,0xff,0xa6,0x00,0x00,0x00,0xa0,0x01,0xc1,0x48,0xba,0x00,0x00,0x01,0xf4,0x00,0x47,0xb3,0x61,0x00,0x00,0x00,0x00,0x00,0xbd,0x00,0xa7,0x00,0x57,0x00,0x7f,0x00,0x6d,0x00,0x5a,0x00,0x3e
28688,f,0x13,0x94,0x7b,0x50,0x07,0xdf,0x0b,0x0b,0x13,0x0e,0x29,0x07,0x00,0x00,0x00,0x0c,0xff,0xf9,0x04,0x65,0x03,0x01,0x08,0x00,0xd3,0xe8,0xbd,0x00,0x18,0xaa,0x21,0xac,0x00,0x02,0xe6,0xc8,0x00,0x03,0x6c,0x4f,0x00,0x00,0x15,0x24,0x00,0x00,0x15,0x74,0xff,0xff,0xff,0xf6,0x00,0x00,0x00,0xa0,0xff,0xff,0xff,0xa6,0x00,0x00,0x00,0xa0,0x01,0xc1,0x48,0xba,0x00,0x00,0x02,0x26,0x00,0x47,0xb8,0x85,0x00,0x00,0x00,0x00,0x00,0xbd,0x00,0xa7,0x00,0x57,0x00,0x7f,0x00,0x6d,0x00,0x5a,0x00,0x3e
28688,f,0x13,0x94,0x7c,0x4a,0x07,0xdf,0x0b,0x0b,0x13,0x0e,0x29,0x07,0x00,0x00,0x00,0x0c,0x0e,0xdf,0xb6,0x88,0x03,0x01,0x08,0x00,0xd3,0xe8,0xbd,0x09,0x18,0xaa,0x21,0xae,0x00,0x02,0xe7,0x16,0x00,0x03,0x6c,0x9c,0x00,0x00,0x15,0x1f,0x00,0x00,0x15,0x6e,0x00,0x00,0x00,0x1e,0x00,0x00,0x00,0xdc,0xff,0xff,0xff,0x9c,0x00,0x00,0x00,0xdc,0x01,0xc1,0x48,0xba,0x00,0x00,0x01,0xfe,0x00,0x47,0xbd,0x55,0x00,0x00,0x00,0x00,0x00,0xbd,0x00,0xa7,0x00,0x57,0x00,0x7f,0x00,0x6d,0x00,0x5a,0x00,0x3e
28688,f,0x13,0x94,0x7d,0x44,0x07,0xdf,0x0b,0x0b,0x13,0x0e,0x29,0x07,0x00,0x00,0x00,0x0c,0x1d,0xc6,0x68,0xac,0x03,0x01,0x08,0x00,0xd3,0xe8,0xbd,0x16,0x18,0xaa,0x21,0xab,0x00,0x02,0xe7,0x44,0x00,0x03,0x6c,0xcb,0x00,0x00,0x15,0x14,0x00,0x00,0x15,0x65,0xff,0xff,0xff,0xec,0x00,0x00,0x00,0xfa,0xff,0xff,0xff,0x9c,0x00,0x00,0x00,0xfa,0x01,0xc1,0x48,0xba,0x00,0x00,0x02,0x3a,0x00,0x47,0xc2,0xac,0x00,0x00,0x00,0x00,0x00,0xbd,0x00,0xa7,0x00,0x57,0x00,0x7f,0x00,0x6d,0x00,0x5a,0x00,0x3e
28688,f,0x13,0x94,0x7e,0x3e,0x07,0xdf,0x0b,0x0b,0x13,0x0e,0x29,0x07,0x00,0x00,0x00,0x0c,0x2c,0xad,0x1a,0xd1,0x03,0x01,0x08,0x00,0xd3,0xe8,0xbd,0x19,0x18,0xaa,0x21,0xad,0x00,0x02,0xe7,0x9d,0x00,0x03,0x6d,0x24,0x00,0x00,0x15,0x0c,0x00,0x00,0x15,0x5d,0x00,0x00,0x00,0x00,0x00,0x00,0x00,0xc8,0xff,0xff,0xff,0x88,0x00,0x00,0x00,0xc8,0x01,0xc1,0x48,0xba,0x00,0x00,0x02,0x08,0x00,0x47,0xc7,0x8a,0x00,0x00,0x00,0x00,0x00,0xbd,0x00,0xa7,0x00,0x57,0x00,0x7f,0x00,0x6d,0x00,0x5a,0x00,0x3e
28688,f,0x13,0x94,0x7f,0x38,0x07,0xdf,0x0b,0x0b,0x13,0x0e,0x2a,0x07,0x00,0x00,0x00,0x0c,0xff,0xf9,0x02,0xf6,0x03,0x01,0x08,0x00,0xd3,0xe8,0xbd,0x1c,0x18,0xaa,0x21,0xac,0x00,0x02,0xe7,0xcc,0x00,0x03,0x6d,0x53,0x00,0x00,0x15,0x04,0x00,0x00,0x15,0x55,0xff,0xff,0xff,0xf6,0x00,0x00,0x00,0x82,0xff,0xff,0xff,0x88,0x00,0x00,0x00,0x82,0x01,0xc1,0x48,0xba,0x00,0x00,0x01,0xfe,0x00,0x47,0xcc,0x44,0x00,0x00,0x00,0x00,0x00,0xbd,0x00,0xa7,0x00,0x57,0x00,0x7f,0x00,0x6d,0x00,0x5a,0x00,0x3e
28688,f,0x13,0x94,0x80,0x32,0x07,0xdf,0x0b,0x0b,0x13,0x0e,0x2a,0x07,0x00,0x00,0x00,0x0c,0x0e,0xdf,0xb5,0x19,0x03,0x01,0x08,0x00,0xd3,0xe8,0xbd,0x27,0x18,0xaa,0x21,0xad,0x00,0x02,0xe8,0x1e,0x00,0x03,0x6d,0xa5,0x00,0x00,0x14,0xfb,0x00,0x00,0x15,0x4c,0x00,0x00,0x00,0x1e,0x00,0x00,0x00,0x82,0xff,0xff,0xff,0x88,0x00,0x00,0x00,0x82,0x01,0xc1,0x48,0xba,0x00,0x00,0x01,0xcc,0x00,0x47,0xd0,0x8a,0x00,0x00,0x00,0x00,0x00,0xbd,0x00,0xa7,0x00,0x57,0x00,0x7f,0x00,0x6d,0x00,0x5a,0x00,0x3e
28688,f,0x13,0x94,0x81,0x2c,0x07,0xdf,0x0b,0x0b,0x13,0x0e,0x2a,0x07,0x00,0x00,0x00,0x0c,0x1d,0xc6,0x67,0x3d,0x03,0x01,0x08,0x00,0xd3,0xe8,0xbd,0x2a,0x18,0xaa,0x21,0xae,0x00,0x02,0xe8,0x6e,0x00,0x03,0x6d,0xf5,0x00,0x00,0x14,0xf2,0x00,0x00,0x15,0x44,0xff,0xff,0xff,0xe2,0xff,0xff,0xff,0xf6,0xff,0xff,0xff,0x88,0x00,0x00,0x00,0x28,0x01,0xc1,0x48,0xba,0x00,0x00,0x01,0x5e,0x00,0x47,0xd3,0xd1,0x00,0x00,0x00,0x00,0x00,0xbd,0x00,0xa7,0x00,0x57,0x00,0x7f,0x00,0x6d,0x00,0x5a,0x00,0x3e
28688,f,0x13,0x94,0x82,0x26,0x07,0xdf,0x0b,0x0b,0x13,0x0e,0x2a,0x07,0x00,0x00,0x00,0x0c,0x2c,0xad,0x19,0x61,0x03,0x01,0x08,0x00,0xd3,0xe8,0xbd,0x2d,0x18,0xaa,0x21,0xac,0x00,0x02,0xe8,0x7b,0x00,0x03,0x6e,0x02,0x00,0x00,0x14,0xe8,0x00,0x00,0x15,0x3c,0xff,0xff,0xff,0xc4,0xff,0xff,0xff,0xa6,0xff,0xff,0xff,0xa6,0x00,0x00,0x00,0x6e,0x01,0xc1,0x48,0xba,0x00,0x00,0x01,0x68,0x00,0x47,0xd7,0x35,0x00,0x00,0x00,0x00,0x00,0xbd,0x00,0xa7,0x00,0x57,0x00,0x7f,0x00,0x6d,0x00,0x5a,0x00,0x3e
28688,f,0x13,0x94,0x83,0x20,0x07,0xdf,0x0b,0x0b,0x13,0x0e,0x2b,0x07,0x00,0x00,0x00,0x0c,0xff,0xf9,0x01,0x86,0x03,0x01,0x08,0x00,0xd3,0xe8,0xbd,0x32,0x18,0xaa,0x21,0xab,0x00,0x02,0xe8,0x9d,0x00,0x03,0x6e,0x24,0x00,0x00,0x14,0xe0,0x00,0x00,0x15,0x34,0xff,0xff,0xff,0xd8,0xff,0xff,0xff,0x88,0xff,0xff,0xff,0xba,0x00,0x00,0x00,0x78,0x01,0xc1,0x48,0xba,0x00,0x00,0x01,0xae,0x00,0x47,0xdb,0x3e,0x00,0x00,0x00,0x00,0x00,0xbd,0x00,0xa7,0x00,0x57,0x00,0x7f,0x00,0x6d,0x00,0x5a,0x00,0x3e
28688,f,0x13,0x94,0x84,0x1a,0x07,0xdf,0x0b,0x0b,0x13,0x0e,0x2b,0x07,0x00,0x00,0x00,0x0c,0x0e,0xdf,0xb3,0xa9,0x03,0x01,0x08,0x00,0xd3,0xe8,0xbd,0x35,0x18,0xaa,0x21,0xad,0x00,0x02,0xe8,0xed,0x00,0x03,0x6e,0x74,0x00,0x00,0x14,0xda,0x00,0x00,0x15,0x2e,0xff,0xff,0xff,0xf6,0xff,0xff,0xff,0x92,0xff,0xff,0xff,0xba,0x00,0x00,0x00,0x6e,0x01,0xc1,0x48,0xba,0x00,0x00,0x01,0xf4,0x00,0x47,0xdf,0xe8,0x00,0x00,0x00,0x00,0x00,0xbd,0x00,0xa7,0x00,0x57,0x00,0x7f,0x00,0x6d,0x00,0x5a,0x00,0x3e
28688,f,0x13,0x94,0x85,0x14,0x07,0xdf,0x0b,0x0b,0x13,0x0e,0x2b,0x07,0x00,0x00,0x00,0x0c,0x1d,0xc6,0x65,0xcd,0x03,0x01,0x08,0x00,0xd3,0xe8,0xbd,0x2d,0x18,0xaa,0x21,0xb0,0x00,0x02,0xe9,0x01,0x00,0x03,0x6e,0x88,0x00,0x00,0x14,0xd5,0x00,0x00,0x15,0x28,0x00,0x00,0x00,0x28,0xff,0xff,0xff,0x7e,0xff,0xff,0xff,0xba,0x00,0x00,0x00,0x82,0x01,0xc1,0x48,0xba,0x00,0x00,0x02,0x6c,0x00,0x47,0xe5,0xb1,0x00,0x00,0x00,0x00,0x00,0xbd,0x00,0xa7,0x00,0x57,0x00,0x7f,0x00,0x6d,0x00,0x5a,0x00,0x3e
