Preamble,BID,MID,LEN,DataID,DataID,DataSize,,,,,,,,,,,,,,,,,,,,,,,,,,,,,,,,,,,,,,,,,,,,,,,,,,,,,,,,,,,,,,,,,,,,,,,,,
0xfa,0xff,0x36,0x35,0x10,0x20,0x02,0xc0,0xa6,0x10,0x60,0x04,0x00,0xc3,0x62,0x7a,0x40,0x10,0x0c,0xbc,0x52,0x6b,0xf0,0xbc,0x0f,0xab,0xa0,0x3c,0x9c,0x0b,0x48,0x80,0x30,0x10,0x3f,0x80,0x00,0x00,0xb6,0x6e,0x00,0x01,0x35,0x89,0x80,0x00,0x36,0x79,0xc0,0x00,0xe0,0x20,0x04,0x01,0x80,0x00,0xc5,0x4a,,,,,,,,,,,,,,,,,,,,,,
0xfa,0xff,0x36,0x35,0x10,0x20,0x02,0xc0,0xa7,0x10,0x60,0x04,0x00,0xc3,0x62,0x93,0x40,0x10,0x0c,0xbc,0x50,0x71,0x00,0xbc,0x10,0x48,0x30,0x3c,0x9b,0xa9,0x68,0x80,0x30,0x10,0x3f,0x80,0x00,0x01,0x35,0xdd,0x40,0x01,0x36,0x54,0x40,0x00,0x35,0xe2,0x40,0x00,0xe0,0x20,0x04,0x01,0x80,0x00,0xc5,0x8e,,,,,,,,,,,,,,,,,,,,,,
0xfa,0xff,0x36,0x4b,0x10,0x20,0x02,0xc0,0xa8,0x10,0x60,0x04,0x00,0xc3,0x62,0xac,0x40,0x10,0x0c,0xbc,0x4f,0xf6,0x90,0xbc,0x11,0x25,0xe0,0x3c,0x9b,0xe4,0x48,0x80,0x30,0x10,0x3f,0x80,0x00,0x01,0x34,0xb8,0x00,0x00,0xb5,0xdb,0x00,0x01,0x36,0x97,0x70,0x00,0xc0,0x20,0x0c,0x3f,0x3d,0x83,0x36,0x3d,0x07,0xbd,0xf7,0xbf,0x2d,0x6b,0xee,0x30,0x10,0x04,0x00,0x01,0x80,0x10,0xe0,0x20,0x04,0x01,0x80,0x00,0xc5,0x28
0xfa,0xff,0x36,0x35,0x10,0x20,0x02,0xc0,0xa9,0x10,0x60,0x04,0x00,0xc3,0x62,0xc5,0x40,0x10,0x0c,0xbc,0x51,0x48,0x40,0xbc,0x10,0xbe,0xf0,0x3c,0x9b,0xad,0xc8,0x80,0x30,0x10,0x3f,0x80,0x00,0x01,0x34,0x8e,0x00,0x00,0x36,0xab,0xa0,0x00,0x36,0x5c,0x40,0x00,0xe0,0x20,0x04,0x01,0x80,0x00,0xc5,0x07,,,,,,,,,,,,,,,,,,,,,,
0xfa,0xff,0x36,0x35,0x10,0x20,0x02,0xc0,0xaa,0x10,0x60,0x04,0x00,0xc3,0x62,0xde,0x40,0x10,0x0c,0xbc,0x52,0x5f,0x60,0xbc,0x10,0x00,0xf0,0x3c,0x9b,0x5b,0x68,0x80,0x30,0x10,0x3f,0x80,0x00,0x00,0xb5,0x97,0x00,0x01,0xb6,0x61,0x80,0x00,0x35,0xd2,0xc0,0x00,0xe0,0x20,0x04,0x01,0x80,0x00,0xc5,0x90,,,,,,,,,,,,,,,,,,,,,,
0xfa,0xff,0x36,0x35,0x10,0x20,0x02,0xc0,0xab,0x10,0x60,0x04,0x00,0xc3,0x62,0xf7,0x40,0x10,0x0c,0xbc,0x51,0xf2,0x90,0xbc,0x0f,0x72,0x60,0x3c,0x9b,0x8b,0x48,0x80,0x30,0x10,0x3f,0x80,0x00,0x01,0xb5,0xd1,0x80,0x01,0xb6,0x5c,0x00,0x00,0xb5,0xad,0x80,0x00,0xe0,0x20,0x04,0x01,0x80,0x00,0xc5,0x72,,,,,,,,,,,,,,,,,,,,,,
0xfa,0xff,0x36,0x44,0x10,0x20,0x02,0xc0,0xac,0x10,0x60,0x04,0x00,0xc3,0x63,0x10,0x40,0x10,0x0c,0xbc,0x50,0xb0,0x40,0xbc,0x10,0x3e,0xb0,0x3c,0x9c,0x65,0xb0,0x80,0x30,0x10,0x3f,0x80,0x00,0x01,0x35,0x30,0x80,0x00,0x35,0x09,0x00,0x01,0xb6,0xea,0x90,0x00,0xc0,0x20,0x0c,0x3f,0x3d,0x89,0xba,0x3d,0x07,0x58,0xd8,0xbf,0x2d,0xe0,0x3c,0xe0,0x20,0x04,0x01,0x80,0x00,0xc5,0xfb,,,,,,,
0xfa,0xff,0x36,0x35,0x10,0x20,0x02,0xc0,0xad,0x10,0x60,0x04,0x00,0xc3,0x63,0x29,0x40,0x10,0x0c,0xbc,0x52,0x14,0x10,0xbc,0x10,0x19,0xa0,0x3c,0x9b,0xb9,0x10,0x80,0x30,0x10,0x3f,0x80,0x00,0x01,0xb5,0xee,0x40,0x00,0x35,0xe9,0x40,0x00,0x36,0x0d,0xa0,0x00,0xe0,0x20,0x04,0x01,0x80,0x00,0xc5,0x93,,,,,,,,,,,,,,,,,,,,,,
0xfa,0xff,0x36,0x35,0x10,0x20,0x02,0xc0,0xae,0x10,0x60,0x04,0x00,0xc3,0x63,0x42,0x40,0x10,0x0c,0xbc,0x51,0x08,0xa0,0xbc,0x10,0x26,0xd0,0x3c,0x9b,0xce,0x60,0x80,0x30,0x10,0x3f,0x80,0x00,0x00,0xb6,0x55,0x60,0x01,0x36,0xab,0x20,0x00,0x36,0xbf,0x60,0x00,0xe0,0x20,0x04,0x01,0x80,0x00,0xc5,0xb7,,,,,,,,,,,,,,,,,,,,,,
0xfa,0xff,0x36,0x35,0x10,0x20,0x02,0xc0,0xaf,0x10,0x60,0x04,0x00,0xc3,0x63,0x5b,0x40,0x10,0x0c,0xbc,0x51,0x01,0x50,0xbc,0x10,0xdc,0x50,0x3c,0x9b,0x8f,0xf8,0x80,0x30,0x10,0x3f,0x80,0x00,0x01,0x35,0x72,0x80,0x01,0x36,0x44,0xa0,0x00,0x36,0x72,0x00,0x00,0xe0,0x20,0x04,0x01,0x80,0x00,0xc5,0x3c,,,,,,,,,,,,,,,,,,,,,,
0xfa,0xff,0x36,0x4b,0x10,0x20,0x02,0xc0,0xb0,0x10,0x60,0x04,0x00,0xc3,0x63,0x74,0x40,0x10,0x0c,0xbc,0x50,0xda,0x40,0xbc,0x10,0x61,0xa0,0x3c,0x9b,0x8b,0x00,0x80,0x30,0x10,0x3f,0x80,0x00,0x01,0xb6,0x95,0xa0,0x00,0x36,0x49,0x60,0x01,0xb6,0x96,0xa0,0x00,0xc0,0x20,0x0c,0x3f,0x3d,0x00,0x85,0x3d,0x23,0x35,0xb0,0xbf,0x2c,0xfd,0x02,0x30,0x10,0x04,0x00,0x01,0x80,0x13,0xe0,0x20,0x04,0x01,0x80,0x00,0xc5,0xaa
0xfa,0xff,0x36,0x35,0x10,0x20,0x02,0xc0,0xb1,0x10,0x60,0x04,0x00,0xc3,0x63,0x8d,0x40,0x10,0x0c,0xbc,0x50,0x11,0xf0,0xbc,0x10,0x65,0xf0,0x3c,0x9b,0xc5,0x48,0x80,0x30,0x10,0x3f,0x80,0x00,0x01,0x35,0x22,0x80,0x00,0xb6,0x88,0x60,0x00,0x36,0x2e,0xc0,0x00,0xe0,0x20,0x04,0x01,0x80,0x00,0xc5,0xfb,,,,,,,,,,,,,,,,,,,,,,
0xfa,0xff,0x36,0x35,0x10,0x20,0x02,0xc0,0xb2,0x10,0x60,0x04,0x00,0xc3,0x63,0xa6,0x40,0x10,0x0c,0xbc,0x51,0x08,0xd0,0xbc,0x10,0x3a,0x50,0x3c,0x9b,0x80,0x20,0x80,0x30,0x10,0x3f,0x80,0x00,0x00,0xb6,0x24,0xe0,0x01,0xb6,0xf4,0x50,0x00,0x34,0xaf,0x00,0x00,0xe0,0x20,0x04,0x01,0x80,0x00,0xc5,0x43,,,,,,,,,,,,,,,,,,,,,,
0xfa,0xff,0x36,0x35,0x10,0x20,0x02,0xc0,0xb3,0x10,0x60,0x04,0x00,0xc3,0x63,0xbf,0x40,0x10,0x0c,0xbc,0x51,0x34,0x40,0xbc,0x10,0xdd,0x40,0x3c,0x9b,0x9e,0xa0,0x80,0x30,0x10,0x3f,0x80,0x00,0x01,0x36,0xf9,0x10,0x01,0xb6,0x55,0x40,0x00,0x36,0x6b,0xc0,0x00,0xe0,0x20,0x04,0x01,0x80,0x00,0xc5,0x07,,,,,,,,,,,,,,,,,,,,,,
0xfa,0xff,0x36,0x44,0x10,0x20,0x02,0xc0,0xb4,0x10,0x60,0x04,0x00,0xc3,0x63,0xd8,0x40,0x10,0x0c,0xbc,0x51,0x1e,0x70,0xbc,0x11,0x13,0xd0,0x3c,0x9b,0x3f,0x70,0x80,0x30,0x10,0x3f,0x80,0x00,0x01,0x36,0xca,0xe0,0x00,0x35,0xef,0x00,0x01,0xb6,0xbe,0x80,0x00,0xc0,0x20,0x0c,0x3f,0x3c,0xf9,0xf4,0x3d,0x10,0xd1,0x31,0xbf,0x2d,0x75,0xa4,0xe0,0x20,0x04,0x01,0x80,0x00,0xc5,0xd7,,,,,,,
0xfa,0xff,0x36,0x35,0x10,0x20,0x02,0xc0,0xb5,0x10,0x60,0x04,0x00,0xc3,0x63,0xf1,0x40,0x10,0x0c,0xbc,0x52,0x28,0xb0,0xbc,0x10,0x47,0x80,0x3c,0x9b,0xf7,0xd8,0x80,0x30,0x10,0x3f,0x80,0x00,0x01,0xb6,0x11,0x00,0x00,0xb4,0x16,0x00,0x00,0x35,0x63,0x80,0x00,0xe0,0x20,0x04,0x01,0x80,0x00,0xc5,0x76,,,,,,,,,,,,,,,,,,,,,,
0xfa,0xff,0x36,0x35,0x10,0x20,0x02,0xc0,0xb6,0x10,0x60,0x04,0x00,0xc3,0x64,0x0a,0x40,0x10,0x0c,0xbc,0x50,0xee,0x50,0xbc,0x10,0xae,0xb0,0x3c,0x9b,0xd8,0xf0,0x80,0x30,0x10,0x3f,0x80,0x00,0x00,0xb5,0x81,0x40,0x01,0x37,0x19,0x30,0x00,0x34,0x83,0x00,0x00,0xe0,0x20,0x04,0x01,0x80,0x00,0xc5,0x63,,,,,,,,,,,,,,,,,,,,,,
0xfa,0xff,0x36,0x35,0x10,0x20,0x02,0xc0,0xb7,0x10,0x60,0x04,0x00,0xc3,0x64,0x23,0x40,0x10,0x0c,0xbc,0x51,0x1c,0x90,0xbc,0x0f,0xd5,0x60,0x3c,0x9b,0x4b,0x50,0x80,0x30,0x10,0x3f,0x80,0x00,0x01,0x36,0x81,0x90,0x01,0x35,0x82,0x00,0x00,0x36,0x36,0x20,0x00,0xe0,0x20,0x04,0x01,0x80,0x00,0xc5,0x53,,,,,,,,,,,,,,,,,,,,,,
0xfa,0xff,0x36,0x4b,0x10,0x20,0x02,0xc0,0xb8,0x10,0x60,0x04,0x00,0xc3,0x64,0x3c,0x40,0x10,0x0c,0xbc,0x50,0xb4,0x90,0xbc,0x0f,0xc5,0xd0,0x3c,0x9b,0xe5,0x10,0x80,0x30,0x10,0x3f,0x80,0x00,0x01,0xb6,0x46,0x00,0x00,0xb5,0x3d,0x80,0x01,0x36,0xf5,0xd0,0x00,0xc0,0x20,0x0c,0x3f,0x3e,0x33,0xa6,0x3d,0x21,0xdf,0x3a,0xbf,0x2e,0x42,0x2b,0x30,0x10,0x04,0x00,0x01,0x80,0x10,0xe0,0x20,0x04,0x01,0x80,0x00,0xc5,0x0b
0xfa,0xff,0x36,0x35,0x10,0x20,0x02,0xc0,0xb9,0x10,0x60,0x04,0x00,0xc3,0x64,0x55,0x40,0x10,0x0c,0xbc,0x50,0xa9,0x90,0xbc,0x0f,0xc9,0xd0,0x3c,0x9b,0x83,0x20,0x80,0x30,0x10,0x3f,0x80,0x00,0x01,0xb6,0xb5,0x30,0x00,0x35,0xf2,0xc0,0x00,0x34,0x1e,0x00,0x00,0xe0,0x20,0x04,0x01,0x80,0x00,0xc5,0xde,,,,,,,,,,,,,,,,,,,,,,
0xfa,0xff,0x36,0x35,0x10,0x20,0x02,0xc0,0xba,0x10,0x60,0x04,0x00,0xc3,0x64,0x6e,0x40,0x10,0x0c,0xbc,0x50,0x8b,0x10,0xbc,0x10,0xd0,0x90,0x3c,0x9c,0x4d,0x30,0x80,0x30,0x10,0x3f,0x80,0x00,0x00,0xb7,0x36,0x70,0x01,0x36,0x03,0x60,0x00,0xb4,0x10,0x00,0x00,0xe0,0x20,0x04,0x01,0x80,0x00,0xc5,0xd9,,,,,,,,,,,,,,,,,,,,,,
0xfa,0xff,0x36,0x35,0x10,0x20,0x02,0xc0,0xbb,0x10,0x60,0x04,0x00,0xc3,0x64,0x87,0x40,0x10,0x0c,0xbc,0x50,0xde,0xc0,0xbc,0x10,0xe4,0xf0,0x3c,0x9c,0x01,0xd8,0x80,0x30,0x10,0x3f,0x80,0x00,0x01,0xb7,0x4f,0x00,0x01,0x37,0x52,0x60,0x00,0x35,0xa8,0xc0,0x00,0xe0,0x20,0x04,0x01,0x80,0x00,0xc5,0x19,,,,,,,,,,,,,,,,,,,,,,
0xfa,0xff,0x36,0x44,0x10,0x20,0x02,0xc0,0xbc,0x10,0x60,0x04,0x00,0xc3,0x64,0xa0,0x40,0x10,0x0c,0xbc,0x50,0xad,0x80,0xbc,0x0f,0xe7,0xf0,0x3c,0x9b,0x41,0xe0,0x80,0x30,0x10,0x3f,0x80,0x00,0x01,0xb6,0x21,0xc0,0x00,0x36,0x4e,0xe0,0x01,0xb6,0x78,0xa0,0x00,0xc0,0x20,0x0c,0x3f,0x3e,0x20,0x14,0x3d,0x19,0xa9,0xc9,0xbf,0x2d,0x5b,0xb9,0xe0,0x20,0x04,0x01,0x80,0x00,0xc5,0x76,,,,,,,
0xfa,0xff,0x36,0x35,0x10,0x20,0x02,0xc0,0xbd,0x10,0x60,0x04,0x00,0xc3,0x64,0xb9,0x40,0x10,0x0c,0xbc,0x51,0x36,0xe0,0xbc,0x0f,0xf4,0xb0,0x3c,0x9b,0xb7,0x40,0x80,0x30,0x10,0x3f,0x80,0x00,0x01,0x35,0x88,0x00,0x00,0xb6,0x47,0x60,0x00,0x36,0xfd,0x40,0x00,0xe0,0x20,0x04,0x01,0x80,0x00,0xc5,0x80,,,,,,,,,,,,,,,,,,,,,,
0xfa,0xff,0x36,0x35,0x10,0x20,0x02,0xc0,0xbe,0x10,0x60,0x04,0x00,0xc3,0x64,0xd2,0x40,0x10,0x0c,0xbc,0x51,0xd8,0xa0,0xbc,0x0f,0xd7,0x50,0x3c,0x9b,0xd7,0x50,0x80,0x30,0x10,0x3f,0x80,0x00,0x00,0xb6,0x0f,0xe0,0x01,0xb5,0x65,0x80,0x00,0x34,0x16,0x00,0x00,0xe0,0x20,0x04,0x01,0x80,0x00,0xc5,0x55,,,,,,,,,,,,,,,,,,,,,,
0xfa,0xff,0x36,0x35,0x10,0x20,0x02,0xc0,0xbf,0x10,0x60,0x04,0x00,0xc3,0x64,0xeb,0x40,0x10,0x0c,0xbc,0x52,0xaa,0xa0,0xbc,0x0f,0xed,0x20,0x3c,0x9b,0x6c,0xe8,0x80,0x30,0x10,0x3f,0x80,0x00,0x01,0xb6,0xf7,0x10,0x01,0x35,0xa6,0x80,0x00,0x36,0x8e,0x00,0x00,0xe0,0x20,0x04,0x01,0x80,0x00,0xc5,0x01,,,,,,,,,,,,,,,,,,,,,,
0xfa,0xff,0x36,0x4b,0x10,0x20,0x02,0xc0,0xc0,0x10,0x60,0x04,0x00,0xc3,0x65,0x04,0x40,0x10,0x0c,0xbc,0x51,0xbb,0x40,0xbc,0x0f,0x77,0x80,0x3c,0x9b,0xeb,0x60,0x80,0x30,0x10,0x3f,0x80,0x00,0x01,0xb6,0x0e,0xc0,0x00,0x36,0x89,0x50,0x01,0x36,0x89,0x80,0x00,0xc0,0x20,0x0c,0x3f,0x3d,0xaa,0x64,0x3d,0x2a,0xf2,0x74,0xbf,0x2e,0x4b,0xe1,0x30,0x10,0x04,0x00,0x01,0x80,0x0a,0xe0,0x20,0x04,0x01,0x80,0x00,0xc5,0x1e
0xfa,0xff,0x36,0x35,0x10,0x20,0x02,0xc0,0xc1,0x10,0x60,0x04,0x00,0xc3,0x65,0x1d,0x40,0x10,0x0c,0xbc,0x52,0x1f,0x80,0xbc,0x0f,0x58,0xc0,0x3c,0x9b,0x68,0x10,0x80,0x30,0x10,0x3f,0x80,0x00,0x01,0xb7,0x11,0x70,0x00,0xb5,0x3f,0x80,0x00,0x35,0x99,0xc0,0x00,0xe0,0x20,0x04,0x01,0x80,0x00,0xc5,0xeb,,,,,,,,,,,,,,,,,,,,,,
0xfa,0xff,0x36,0x35,0x10,0x20,0x02,0xc0,0xc2,0x10,0x60,0x04,0x00,0xc3,0x65,0x36,0x40,0x10,0x0c,0xbc,0x51,0xaf,0x90,0xbc,0x0f,0xa9,0x30,0x3c,0x9b,0x33,0xa8,0x80,0x30,0x10,0x3f,0x80,0x00,0x00,0x36,0x8a,0xc0,0x01,0xb6,0x85,0x10,0x00,0x35,0x73,0x80,0x00,0xe0,0x20,0x04,0x01,0x80,0x00,0xc5,0x55,,,,,,,,,,,,,,,,,,,,,,
